/*REGISTRO DE DATA PARA PRUEBA */

use BD_SGMEv3;

insert into Perfiles(nomPerfil) values
('Director'),
('Secretaria'),
('Profesor'),
('Administrador');

insert into alumnos(apPaternoAlumno,apMaternoAlumno,nombresAlumno,dniAlumno,fechaNacAlumno,direccionAlumno,nomCompleto)
values
('Delgado','Centeno','Christian Joel','75240380','2006-08-05','Buenos aires de villa mz 72 lote 1 ','Delgado Centeno Christian Joel'),
('Daga','Cueva','Janice Marcela','72288785','2001-06-07','Calle 14 mz g1 lote 11 san genaro de villa chorrillos','Daga Cueva Janice Marcela'),
('Diaz','Lopez','Ruy Renzo','48632984','2003-12-09','Jr. Daniel alcides carrion 1550 urb. 1ro de octubre','Diaz Lopez Ruy Renzo'),
('Herrera','Osorio','Andres Jorge','44293374','2002-08-27','Av. Republica del peru 234 - contralmirante villar','Herrera Osorio Andres Jorge'),
('Zurita','Valentin','Anthony Stiven','45670395','1999-12-31',' Los laureles 265 dpt 402 - valle hermoso','Zurita Valentin Anthony Stiven'),
('Villalobos','Maquen','Victor Daniel','73228698','2004-10-12','Jr garcia calderon n° 169 - dpto 203','Villalobos Maquen Victor Daniel'),
('Matos','Trujillo','Franklin Romulo','45569142','2003-07-29','Calle san pablo 232- la punta / paita baja ','Matos Trujillo Franklin Romulo'),
('Palomino','Orosco','Denis Marlon','10722452','2004-05-04','Mz j lote 17 av. Edilberto ramos','Palomino Orosco Denis Marlon'),
('Pacaya','Ahuanari','Emilio','76807872','2003-10-04','Mz q lote 2 primera etapa urb. Pachacamac','Pacaya Ahuanari Emilio'),
('Suclla','Martinez','Richard','48306012','2000-09-28','Av. 7 de junio n° 1801, urbanizacion : nueva esperanza','Suclla Martinez Richard'),
('Cubas','Urbizagastegui','Michael Junior','45632370','2000-08-13','Maria parado de bellido mz g lt. 9 calle 9 de diciembre','Cubas Urbizagastegui Michael Junior'),
('Soberon','Balcazar','Carlos Manuel','42551739','1999-03-07','Sector 6 grupo 6 mz n lote 6 ves','Soberon Balcazar Carlos Manuel'),
('Candela','Velezmoro','Jeancarlos Ivan','46154721','2000-04-19','Mz k 1 lote 27 sector alfonso ugarte pamplona alta','Candela Velezmoro Jeancarlos Ivan'),
('Quispe','Cortez','Edith Elena','9966576','2006-05-27','Condominio parque central h-308 ','Quispe Cortez Edith Elena'),
('Nuñez','Pumacayo','Dante David','41918217','2004-11-16','Urb. San genaro mz d2 lote 25 - chorrillos','Nuñez Pumacayo Dante David'),
('Ihue','Ihue','Teresa','44113835','2000-09-21','Sector 2 grupo 20 mz b lote 13 - ves','Ihue Ihue Teresa'),
('Piro','Salazar','Roberto','40092255','1999-02-02','Mz c, lote 1, juan pablo ii','Piro Salazar Roberto'),
('Palomino','Mendoza','Mariel Stefanie','48600316','2004-12-27','Jr. Madre de dios, mz c, lote 1 - dulanto','Palomino Mendoza Mariel Stefanie'),
('Perez','Zavaleta','Gabriel Jesus','72512380','2005-10-14','Av. Belaunde este 1195','Perez Zavaleta Gabriel Jesus'),
('Alvarez','Montalvan','Vianca Priscilla','74542536','2000-03-09','Calle los cafetos 272, urb. Jose galvez','Alvarez Montalvan Vianca Priscilla'),
('Heredia','Vera','Brian Rodolfo','72703769','2002-06-01','Pasaje los jasminez mz 41, lote 12, marquez','Heredia Vera Brian Rodolfo'),
('Suarez','Ladines','Renzo Emilio','72749248','1999-10-06','Galileo galilei 153 - urbanizacion santa patricia','Suarez Ladines Renzo Emilio'),
('Preciado','Fuentes','Rolando','74146656','2004-11-05','Urb. Santa marina sur block 39 #201','Preciado Fuentes Rolando'),
('Luna','Palacios','Gonzalo','71062552','2002-10-24',' Ciudadela chalaca mz. E lt. 29 ','Luna Palacios Gonzalo'),
('Chavez','Tomaylla','Miguel Angel','47364124','2005-02-11','Ciudadela chalaca mz. C lt. 39 ','Chavez Tomaylla Miguel Angel'),
('Quispecondori','Cahuana','Juana','45468884','2001-03-14',' Sector 1 grupo 4 manzana e lote 11 ves','Quispecondori Cahuana Juana'),
('Castillo','Catacora','Luis Daniel','25824642','2001-11-04','Calle las pleyades mz t2 lote 6 interior 10 urb. Campiña ','Castillo Catacora Luis Daniel'),
('Chavez','Orrillo','Raquel','47415095','2000-09-22','Calle el milagro mz 3 lote 4 santa teresa de villa chorrillos','Chavez Orrillo Raquel'),
('Donayre','Guerra','Asterio Efren','21866468','2002-09-06','Jr. Mariano melgar n° 103 - carmen de la legua reynoso','Donayre Guerra Asterio Efren'),
('Reyes','Davila','Miguel Enrique','46162303','2004-09-27','Calle c mz. I lt. 34 san amadeo de garagay','Reyes Davila Miguel Enrique'),
('Espinoza','Zapata','Paul Eladio','47799706','2000-11-15','Av. Los alisos mz. D lt. 01 aa vv. Villa residenciales las nazarenas - oquendo','Espinoza Zapata Paul Eladio'),
('Alvarado','Ortiz','Julio Cesar','71972400','2006-04-05','Jr. Calcuchimac 339 dpto. 301 iv ','Alvarado Ortiz Julio Cesar'),
('Osis','Gamboa','Anyelina Shirley','48117843','2004-08-05','Urb. Palmeras de villa - calle 2 n° 31 b ','Osis Gamboa Anyelina Shirley'),
('Cortez','Fuentes','Urani Selenie','47459039','2005-07-15','Av. Perez salmon cdra. 8 mz. B lt. 31 piso 2 - bellavista - callao','Cortez Fuentes Urani Selenie'),
('Guzman','Gonzales','Brayan Ysrael','77507193','2005-11-16','Calle segundo 544 chacaritas','Guzman Gonzales Brayan Ysrael'),
('Sanchez','Quispe','Karina','47469974','2000-06-28','Jr. Calcuchimac 339 dpto. 301 iv','Sanchez Quispe Karina'),
('Carrasco','Cordova','Ethel Milagros','75065339','2006-05-22','Calle hipolito unanue mz 60 lote 03 ','Carrasco Cordova Ethel Milagros'),
('Ponce','Torres','Giancarlo','74926237','2005-07-07','Aahh pacifico de villa mz b 2 lote 1 ','Ponce Torres Giancarlo'),
('Navarro','Leon','Briggite Annabel','72421515','2006-10-27','Aahh buenos aires mz y lote 12 san gabriel','Navarro Leon Briggite Annabel'),
('Moreno','Pinedo','Jose Enrique','76693939','2005-08-17','Psje la paz n° 251 tercera zona de hogar policial ','Moreno Pinedo Jose Enrique'),
('Davila','Zavaleta','Fredy Omar','95465485','2001-03-01','Av. El sol 1461, interior 3 – la campiña','Davila Zavaleta Fredy Omar'),
('Andia','Torres','Johanne Michelle','46798080','2003-07-17','Calle jose galvez # 278 ','Andia Torres Johanne Michelle'),
('Cortez','Pineda','Katy','47599895','1999-07-29','Aahh la florida mz c lote 13','Cortez Pineda Katy'),
('Sanchez','Aranda','Yanina','10586733','2006-06-01','Pasaje gonzales vigil 325 ','Sanchez Aranda Yanina'),
('Caceda','Benites','Ronald Rafael','48067712','2003-02-18','Psj. Los jacintos 371, dpto b, urb. Balconcillo','Caceda Benites Ronald Rafael'),
('Vasquez','Linares','Cristian Rafael','74626199','2006-05-05','Jr. Camana n° 223 la perla ','Vasquez Linares Cristian Rafael'),
('Carlos','Mendoza','Lucas Alejandro','44288093','2005-12-26','Av. Cordillera occidental mz a 7 lote 10','Carlos Mendoza Lucas Alejandro'),
('Soroa','Cora','Juan Jose','42210012','2006-11-25','Jr. Montezuma n°143 ','Soroa Cora Juan Jose'),
('Pape','Kajekui','Yosmaell','47732931','2005-03-05','Av. Caja marquilla nª 947 urb. Zarate','Pape Kajekui Yosmaell'),
('Sanchez','Chamochumbi','Ramon Armando','71415245','2003-08-28','Jr. Bello horizonte nª2260 ','Sanchez Chamochumbi Ramon Armando'),
('Del carpio','Villacres','Antony Heyter','71948338','2004-07-31','Jr. Los alamos 138 urb. Santa isabel ','Del carpio Villacres Antony Heyter'),
('Zavaleta','Tapia','Gerson Alejandro','47493652','2005-07-07','Jr. Pacasmayo 3718 condevilla','Zavaleta Tapia Gerson Alejandro'),
('Paredes','Arango','Carlos Enrique','40728160','2006-07-18','Av. El sol 1110 urb. Cercado ','Paredes Arango Carlos Enrique'),
('Ayala','Sulca','Johan Brandon','71930209','2001-06-06','Av. Las violetas 244 urb. El ermitaño','Ayala Sulca Johan Brandon'),
('Rubio','Astupinaro','Katterine Isabel','45230428','2000-08-05','Jr. Leoncio prado 951 - surquillo ','Rubio Astupinaro Katterine Isabel'),
('Lopez','Vargas','Williams Giovanni','41287599','2002-10-01','Jr. Las quenas 469 urb. Zarate ','Lopez Vargas Williams Giovanni'),
('Quiroz','Bernaola','Daivis Heysin','47518988','2006-04-17','Jr. Alexander von humboldt 456 dpto. 202 interior b ','Quiroz Bernaola Daivis Heysin'),
('Cabrera','Valencia','Maria Luisa','46701198','2000-02-19','Mz. 64 lt. 86 manzanilla ii ','Cabrera Valencia Maria Luisa'),
('Quiñonez','Mejia','William Antonio','22421080','2004-09-09','Calle ramsey 191 - urb primavera ','Quiñonez Mejia William Antonio'),
('Vela','Reategui','Judith Junelly','40814340','1999-05-06','Av chuquitanta mz d lt 12 urb las casuarinas de san diego ','Vela Reategui Judith Junelly'),
('Casani','Yupanqui','Cesar','25759516','2005-06-05','Jr solimana mz e lt 8 - urb el totoral i - 4 piso ','Casani Yupanqui Cesar'),
('Chambi','Mamani','Edwin','42157891','2003-07-20','Calle 6 maz d lt 14 aahh jose gabriel condorcanqui','Chambi Mamani Edwin'),
('Vizcardo','Suarez','Carmen Isabel','42991991','2004-12-28','Av 225 mz z lt 12 zona b3','Vizcardo Suarez Carmen Isabel'),
('Cardenas','Apaza','Mariela','42285989','2000-07-05','Jr. Inca 871 dpto h surquillo ','Cardenas Apaza Mariela'),
('Moreno','Contreras','Gina Ingrid','42297844','1999-07-11','A.h. 28 de julio mz. V lt. 3 ','Moreno Contreras Gina Ingrid'),
('Blanco','Matos','Joana Pilar','44098891','1999-09-07','Urb. Los rosales mz. G lt. 40 ','Blanco Matos Joana Pilar'),
('Rojas','Pariona','Cristhian Alexander','40662956','2005-09-07','Calle 4 #189, urbanizacion tupac amaru ','Rojas Pariona Cristhian Alexander'),
('Farromeque','Sanchez','Eliberto Elias','73592178','2004-08-06','Jr. Julio rodriguez 149','Farromeque Sanchez Eliberto Elias'),
('Rojas','Matos','Daniel Angel','70111279','2003-10-27','Jr jose maria galdeano y mendoza 638','Rojas Matos Daniel Angel'),
('Almeyda','Rueda','Joseph Richard','74815283','1999-03-29','Mz l 1 lote 23 comite 28 mateo pumacahua','Almeyda Rueda Joseph Richard'),
('Lopez','Rivera','Eduardo Franco','73187631','2001-04-09','Psje la paz n° 251 tercera zona de hogar policial','Lopez Rivera Eduardo Franco'),
('Valenzuela','Loza','Giannina Gabriela','72848254','2002-08-24','Jr. Pleyades mz v lote 5 a la campiña ','Valenzuela Loza Giannina Gabriela'),
('Sanchez','More','Edson Enrique','42917744','2000-11-22','Calle rodrigo franco mz n lote 7 surco','Sanchez More Edson Enrique'),
('Huaman','Palian','Diego Gian','44837062','2003-08-24','Mz bo lote 6 bocanegra ','Huaman Palian Diego Gian'),
('Carpio','Luna','Nilton Gonzalo','80632793','2006-05-15','Jr. Rio #2250 san martin de porres','Carpio Luna Nilton Gonzalo');

insert into Usuario_Alumno(idAlumno,userAlumno,passAlumno)
values
(1,'delgado@gmail.com','delgado'),
(2,'daga@gmail.com','daga'),
(3,'diaz@gmail.com','diaz'),
(4,'herrera@gmail.com','herrera'),
(5,'zurita@gmail.com','zurita'),
(6,'villalobos@gmail.com','villalobos'),
(7,'matos@gmail.com','matos'),
(8,'palomino@gmail.com','palomino'),
(9,'pacaya@gmail.com','pacaya'),
(10,'suclla@gmail.com','suclla'),
(11,'cubas@gmail.com','cubas'),
(12,'soberon@gmail.com','soberon'),
(13,'candela@gmail.com','candela'),
(14,'quispe@gmail.com','quispe'),
(15,'nuñez@gmail.com','nuñez'),
(16,'ihue@gmail.com','ihue'),
(17,'piro@gmail.com','piro'),
(18,'palominoo@gmail.com','palomino'),
(19,'perez@gmail.com','perez'),
(20,'alvarez@gmail.com','alvarez'),
(21,'heredia@gmail.com','heredia'),
(22,'suarez@gmail.com','suarez'),
(23,'preciado@gmail.com','preciado'),
(24,'luna@gmail.com','luna'),
(25,'chavez@gmail.com','chavez'),
(26,'quispecondori@gmail.com','quispecondori'),
(27,'castillo@gmail.com','castillo'),
(28,'chaveez@gmail.com','chavez'),
(29,'donayre@gmail.com','donayre'),
(30,'reyes@gmail.com','reyes'),
(31,'espinoza@gmail.com','espinoza'),
(32,'alvarado@gmail.com','alvarado'),
(33,'osis@gmail.com','osis'),
(34,'corteez@gmail.com','cortez'),
(35,'guzman@gmail.com','guzman'),
(36,'sancheez@gmail.com','sanchez'),
(37,'carrasco@gmail.com','carrasco'),
(38,'ponce@gmail.com','ponce'),
(39,'navarro@gmail.com','navarro'),
(40,'morenoo@gmail.com','moreno'),
(41,'davila@gmail.com','davila'),
(42,'andia@gmail.com','andia'),
(43,'cortez@gmail.com','cortez'),
(44,'sanchezz@gmail.com','sanchez'),
(45,'caceda@gmail.com','caceda'),
(46,'vasquez@gmail.com','vasquez'),
(47,'carlos@gmail.com','carlos'),
(48,'soroa@gmail.com','soroa'),
(49,'pape@gmail.com','pape'),
(50,'sannchez@gmail.com','sanchez'),
(51,'decarpio@gmail.com','delcarpio'),
(52,'zavaleta@gmail.com','zavaleta'),
(53,'paredes@gmail.com','paredes'),
(54,'ayala@gmail.com','ayala'),
(55,'rubio@gmail.com','rubio'),
(56,'loopez@gmail.com','lopez'),
(57,'quiroz@gmail.com','quiroz'),
(58,'cabrera@gmail.com','cabrera'),
(59,'quiñonez@gmail.com','quiñonez'),
(60,'vela@gmail.com','vela'),
(61,'casani@gmail.com','casani'),
(62,'chambi@gmail.com','chambi'),
(63,'vizcardo@gmail.com','vizcardo'),
(64,'cardenas@gmail.com','cardenas'),
(65,'moreno@gmail.com','moreno'),
(66,'blanco@gmail.com','blanco'),
(67,'rojaas@gmail.com','rojas'),
(68,'farromeque@gmail.com','farromeque'),
(69,'rojas@gmail.com','rojas'),
(70,'almeyda@gmail.com','almeyda'),
(71,'lopez@gmail.com','lopez'),
(72,'valenzuela@gmail.com','valenzuela'),
(73,'sanchez@gmail.com','sanchez'),
(74,'huaman@gmail.com','huaman'),
(75,'carpio@gmail.com','carpio');


insert into grados(nomGrado) values
('Primero'),
('Segundo'),
('Tercero'),
('Cuarto'),
('Quinto');

insert into secciones(codSeccion) values
('A'),
('B'),
('C'),
('D'),
('E');

insert into cursos(nomCurso)values
('Desarrollo Personal, Ciudananía y Cívica'),
('Ciencias Sociales'),
('Educación Fisica'),
('Arte y Cultura'),
('Comunicación'),
('Castellano como Segunda Lengua'),
('Ingles como Lengua Extranjera'),
('Matematica'),
('Ciencia y Tecnología'),
('Educación para el Trabajo'),
('Educación Relegiosa');

insert into grupoacademico(codGrupoAcademico,idGrado,codSeccion,anio) values
('1A2017',1,'A',2017),
('1B2017',1,'B',2017),
('1C2017',1,'C',2017),
('1D2017',1,'D',2017),
('1E2017',1,'E',2017),

('2A2017',2,'A',2017),
('2B2017',2,'B',2017),
('2C2017',2,'C',2017),
('2D2017',2,'D',2017),
('2E2017',2,'E',2017),

('3A2017',3,'A',2017),
('3B2017',3,'B',2017),
('3C2017',3,'C',2017),
('3D2017',3,'D',2017),
('3E2017',3,'E',2017),

('4A2017',4,'A',2017),
('4B2017',4,'B',2017),
('4C2017',4,'C',2017),
('4D2017',4,'D',2017),
('4E2017',4,'E',2017),

('5A2017',5,'A',2017),
('5B2017',5,'B',2017),
('5C2017',5,'C',2017),
('5D2017',5,'D',2017),
('5E2017',5,'E',2017);

insert into alumnos_grupoacademico(idAlumno, codGrupoAcademico) values
(1,'2B2017'),
(2,'4A2017'),
(3,'3D2017'),
(4,'2B2017'),
(5,'5D2017'),
(6,'2E2017'),
(7,'3B2017'),
(8,'2D2017'),
(9,'1E2017'),
(10,'5B2017'),
(11,'5B2017'),
(12,'2C2017'),
(13,'4D2017'),
(14,'2E2017'),
(15,'3C2017'),
(16,'2A2017'),
(17,'4A2017'),
(18,'3C2017'),
(19,'5D2017'),
(20,'5A2017'),
(21,'4E2017'),
(22,'3D2017'),
(23,'3A2017'),
(24,'2B2017'),
(25,'1C2017'),
(26,'5B2017'),
(27,'5D2017'),
(28,'1C2017'),
(29,'5D2017'),
(30,'2B2017'),
(31,'2A2017'),
(32,'2D2017'),
(33,'2E2017'),
(34,'2D2017'),
(35,'2E2017'),
(36,'1E2017'),
(37,'4B2017'),
(38,'5A2017'),
(39,'2A2017'),
(40,'1A2017'),
(41,'1E2017'),
(42,'1E2017'),
(43,'4C2017'),
(44,'4A2017'),
(45,'4E2017'),
(46,'2E2017'),
(47,'1E2017'),
(48,'1E2017'),
(49,'5D2017'),
(50,'4C2017'),
(51,'5C2017'),
(52,'4B2017'),
(53,'5D2017'),
(54,'4C2017'),
(55,'3D2017'),
(56,'4E2017'),
(57,'4B2017'),
(58,'1E2017'),
(59,'1B2017'),
(60,'1E2017'),
(61,'1D2017'),
(62,'5A2017'),
(63,'4A2017'),
(64,'2A2017'),
(65,'5C2017'),
(66,'2B2017'),
(67,'5D2017'),
(68,'5D2017'),
(69,'4E2017'),
(70,'2A2017'),
(71,'1D2017'),
(72,'5B2017'),
(73,'2D2017'),
(74,'5D2017'),
(75,'2E2017');

insert into Periodos(anio,trimestre,fechaIni,fechaFin) values
(2017,1,'2017-03-13','2017-06-09'),
(2017,2,'2017-06-12','2017-09-08'),
(2017,3,'2017-09-11','2017-12-15');


-- insert into detalleacademico(idGrado,codSeccion,idPeriodo) values
-- (1,'D',1),
-- (2,'A',3),
-- (2,'B',2),
-- (1,'C',2),
-- (2,'D',1),
-- (4,'E',3),
-- (6,'B',2),
-- (4,'A',1),
-- (3,'D',2);

insert into empleados(idPerfil,apPaternoEmpleado,apMaternoEmpleado, nombresEmpleado, dniEmpleado ,fechaNacEmpleado ,direccionEmpleado, nomCompleto) values
(1,'Acuña','Trujillo','Rosis','43577508','1887-05-22','Av.Larcomar 4523','Acuña Trujillo Rosis'),
(2,'Jara','Morales','Blanca','15764855','1887-03-15','Av.Jasmines 4523','Jara Morales Blanca'),
(3,'Saldaña','Suclupe','Sara','45550509','1887-02-12','Av.Canto Rey 658','Saldaña Suclupe Sara'),
(3,'Collantes','Quiche','Patricia','47575913','1887-06-05','Av.Las Flores 683','Collantes Quiche Patricia'),
(4,'Huaman','Berrospi','Onoria','80283699','1887-10-12','Av.Canto Grande 423','Huaman Berrospi Onoria');

insert into usuario_empleado(idEmpleado, userEmpleado, passEmpleado) values
(1,'arosis','arosis'),
(2,'jblanca','jblanca'),
(3,'ssara','ssara'),
(4,'cpatricia','cpatricia'),
(5,'honoria','honoria');

insert into tiponotas(nomTipoNota) values
('Ex Continuo 1'),
('Ex Continuo 2'),
('Ex Continuo 3'),
('Ex Parcial'),
('Ex Final');

select * from notas;

insert into notas(idAlumno,idCurso,idPeriodo,idEmpleado,idTipoNota,nota) values
(1,1,1,2,1,9),
(1,2,1,2,1,16),
(1,3,1,2,1,17),
(1,4,1,2,1,10),
(1,5,1,2,1,8),
(1,6,1,2,1,16),
(1,7,1,2,1,10),
(1,8,1,2,1,11),
(1,9,1,2,1,11),
(1,10,1,2,1,15),
(1,11,1,2,1,11),
(1,1,1,2,2,11),
(1,2,1,2,2,14),
(1,3,1,2,2,8),
(1,4,1,2,2,13),
(1,5,1,2,2,13),
(1,6,1,2,2,10),
(1,7,1,2,2,10),
(1,8,1,2,2,17),
(1,9,1,2,2,10),
(1,10,1,2,2,8),
(1,11,1,2,2,15),
(1,1,1,2,3,11),
(1,2,1,2,3,16),
(1,3,1,2,3,14),
(1,4,1,2,3,9),
(1,5,1,2,3,15),
(1,6,1,2,3,9),
(1,7,1,2,3,14),
(1,8,1,2,3,14),
(1,9,1,2,3,15),
(1,10,1,2,3,11),
(1,11,1,2,3,9),
(1,1,1,2,4,8),
(1,2,1,2,4,17),
(1,3,1,2,4,16),
(1,4,1,2,4,16),
(1,5,1,2,4,10),
(1,6,1,2,4,17),
(1,7,1,2,4,11),
(1,8,1,2,4,16),
(1,9,1,2,4,16),
(1,10,1,2,4,11),
(1,11,1,2,4,8),
(1,1,1,2,5,9),
(1,2,1,2,5,16),
(1,3,1,2,5,8),
(1,4,1,2,5,16),
(1,5,1,2,5,13),
(1,6,1,2,5,16),
(1,7,1,2,5,15),
(1,8,1,2,5,17),
(1,9,1,2,5,10),
(1,10,1,2,5,12),
(1,11,1,2,5,14),
(1,1,2,2,1,11),
(1,2,2,2,1,10),
(1,3,2,2,1,11),
(1,4,2,2,1,10),
(1,5,2,2,1,14),
(1,6,2,2,1,11),
(1,7,2,2,1,15),
(1,8,2,2,1,14),
(1,9,2,2,1,15),
(1,10,2,2,1,14),
(1,11,2,2,1,9),
(1,1,2,2,2,10),
(1,2,2,2,2,14),
(1,3,2,2,2,15),
(1,4,2,2,2,15),
(1,5,2,2,2,9),
(1,6,2,2,2,16),
(1,7,2,2,2,13),
(1,8,2,2,2,8),
(1,9,2,2,2,11),
(1,10,2,2,2,10),
(1,11,2,2,2,11),
(1,1,2,2,3,13),
(1,2,2,2,3,8),
(1,3,2,2,3,13),
(1,4,2,2,3,17),
(1,5,2,2,3,11),
(1,6,2,2,3,11),
(1,7,2,2,3,14),
(1,8,2,2,3,15),
(1,9,2,2,3,14),
(1,10,2,2,3,13),
(1,11,2,2,3,17),
(1,1,2,2,4,11),
(1,2,2,2,4,11),
(1,3,2,2,4,14),
(1,4,2,2,4,14),
(1,5,2,2,4,9),
(1,6,2,2,4,12),
(1,7,2,2,4,15),
(1,8,2,2,4,11),
(1,9,2,2,4,14),
(1,10,2,2,4,14),
(1,11,2,2,4,15),
(1,1,2,2,5,15),
(1,2,2,2,5,16),
(1,3,2,2,5,14),
(1,4,2,2,5,14),
(1,5,2,2,5,15),
(1,6,2,2,5,10),
(1,7,2,2,5,10),
(1,8,2,2,5,8),
(1,9,2,2,5,13),
(1,10,2,2,5,11),
(1,11,2,2,5,10),
(2,1,1,2,1,11),
(2,2,1,2,1,17),
(2,3,1,2,1,12),
(2,4,1,2,1,17),
(2,5,1,2,1,17),
(2,6,1,2,1,14),
(2,7,1,2,1,17),
(2,8,1,2,1,11),
(2,9,1,2,1,11),
(2,10,1,2,1,16),
(2,11,1,2,1,11),
(2,1,1,2,2,12),
(2,2,1,2,2,14),
(2,3,1,2,2,14),
(2,4,1,2,2,9),
(2,5,1,2,2,15),
(2,6,1,2,2,11),
(2,7,1,2,2,15),
(2,8,1,2,2,16),
(2,9,1,2,2,13),
(2,10,1,2,2,13),
(2,11,1,2,2,9),
(2,1,1,2,3,17),
(2,2,1,2,3,14),
(2,3,1,2,3,17),
(2,4,1,2,3,14),
(2,5,1,2,3,13),
(2,6,1,2,3,12),
(2,7,1,2,3,15),
(2,8,1,2,3,15),
(2,9,1,2,3,16),
(2,10,1,2,3,16),
(2,11,1,2,3,15),
(2,1,1,2,4,16),
(2,2,1,2,4,12),
(2,3,1,2,4,11),
(2,4,1,2,4,10),
(2,5,1,2,4,9),
(2,6,1,2,4,13),
(2,7,1,2,4,11),
(2,8,1,2,4,13),
(2,9,1,2,4,12),
(2,10,1,2,4,11),
(2,11,1,2,4,16),
(2,1,1,2,5,15),
(2,2,1,2,5,14),
(2,3,1,2,5,15),
(2,4,1,2,5,12),
(2,5,1,2,5,13),
(2,6,1,2,5,14),
(2,7,1,2,5,9),
(2,8,1,2,5,16),
(2,9,1,2,5,10),
(2,10,1,2,5,13),
(2,11,1,2,5,14),
(2,1,2,2,1,10),
(2,2,2,2,1,17),
(2,3,2,2,1,16),
(2,4,2,2,1,14),
(2,5,2,2,1,10),
(2,6,2,2,1,13),
(2,7,2,2,1,10),
(2,8,2,2,1,10),
(2,9,2,2,1,11),
(2,10,2,2,1,13),
(2,11,2,2,1,15),
(2,1,2,2,2,17),
(2,2,2,2,2,10),
(2,3,2,2,2,10),
(2,4,2,2,2,11),
(2,5,2,2,2,17),
(2,6,2,2,2,11),
(2,7,2,2,2,13),
(2,8,2,2,2,12),
(2,9,2,2,2,8),
(2,10,2,2,2,11),
(2,11,2,2,2,8),
(2,1,2,2,3,15),
(2,2,2,2,3,14),
(2,3,2,2,3,11),
(2,4,2,2,3,14),
(2,5,2,2,3,16),
(2,6,2,2,3,10),
(2,7,2,2,3,10),
(2,8,2,2,3,17),
(2,9,2,2,3,13),
(2,10,2,2,3,15),
(2,11,2,2,3,15),
(2,1,2,2,4,16),
(2,2,2,2,4,17),
(2,3,2,2,4,9),
(2,4,2,2,4,8),
(2,5,2,2,4,12),
(2,6,2,2,4,12),
(2,7,2,2,4,8),
(2,8,2,2,4,16),
(2,9,2,2,4,9),
(2,10,2,2,4,14),
(2,11,2,2,4,14),
(2,1,2,2,5,13),
(2,2,2,2,5,16),
(2,3,2,2,5,16),
(2,4,2,2,5,9),
(2,5,2,2,5,15),
(2,6,2,2,5,16),
(2,7,2,2,5,16),
(2,8,2,2,5,10),
(2,9,2,2,5,9),
(2,10,2,2,5,16),
(2,11,2,2,5,15),
(3,1,1,2,1,13),
(3,2,1,2,1,13),
(3,3,1,2,1,14),
(3,4,1,2,1,9),
(3,5,1,2,1,13),
(3,6,1,2,1,14),
(3,7,1,2,1,10),
(3,8,1,2,1,16),
(3,9,1,2,1,11),
(3,10,1,2,1,14),
(3,11,1,2,1,9),
(3,1,1,2,2,9),
(3,2,1,2,2,17),
(3,3,1,2,2,11),
(3,4,1,2,2,14),
(3,5,1,2,2,17),
(3,6,1,2,2,12),
(3,7,1,2,2,10),
(3,8,1,2,2,9),
(3,9,1,2,2,17),
(3,10,1,2,2,11),
(3,11,1,2,2,10),
(3,1,1,2,3,13),
(3,2,1,2,3,10),
(3,3,1,2,3,12),
(3,4,1,2,3,10),
(3,5,1,2,3,8),
(3,6,1,2,3,9),
(3,7,1,2,3,15),
(3,8,1,2,3,12),
(3,9,1,2,3,10),
(3,10,1,2,3,13),
(3,11,1,2,3,14),
(3,1,1,2,4,11),
(3,2,1,2,4,9),
(3,3,1,2,4,12),
(3,4,1,2,4,15),
(3,5,1,2,4,16),
(3,6,1,2,4,9),
(3,7,1,2,4,15),
(3,8,1,2,4,14),
(3,9,1,2,4,12),
(3,10,1,2,4,13),
(3,11,1,2,4,17),
(3,1,1,2,5,16),
(3,2,1,2,5,8),
(3,3,1,2,5,13),
(3,4,1,2,5,10),
(3,5,1,2,5,16),
(3,6,1,2,5,9),
(3,7,1,2,5,17),
(3,8,1,2,5,17),
(3,9,1,2,5,14),
(3,10,1,2,5,15),
(3,11,1,2,5,17),
(3,1,2,2,1,16),
(3,2,2,2,1,12),
(3,3,2,2,1,9),
(3,4,2,2,1,12),
(3,5,2,2,1,14),
(3,6,2,2,1,10),
(3,7,2,2,1,17),
(3,8,2,2,1,17),
(3,9,2,2,1,10),
(3,10,2,2,1,15),
(3,11,2,2,1,11),
(3,1,2,2,2,16),
(3,2,2,2,2,8),
(3,3,2,2,2,17),
(3,4,2,2,2,10),
(3,5,2,2,2,10),
(3,6,2,2,2,16),
(3,7,2,2,2,14),
(3,8,2,2,2,13),
(3,9,2,2,2,13),
(3,10,2,2,2,13),
(3,11,2,2,2,13),
(3,1,2,2,3,15),
(3,2,2,2,3,16),
(3,3,2,2,3,11),
(3,4,2,2,3,9),
(3,5,2,2,3,17),
(3,6,2,2,3,9),
(3,7,2,2,3,11),
(3,8,2,2,3,12),
(3,9,2,2,3,8),
(3,10,2,2,3,16),
(3,11,2,2,3,10),
(3,1,2,2,4,12),
(3,2,2,2,4,11),
(3,3,2,2,4,14),
(3,4,2,2,4,10),
(3,5,2,2,4,14),
(3,6,2,2,4,11),
(3,7,2,2,4,13),
(3,8,2,2,4,16),
(3,9,2,2,4,15),
(3,10,2,2,4,15),
(3,11,2,2,4,9),
(3,1,2,2,5,8),
(3,2,2,2,5,11),
(3,3,2,2,5,11),
(3,4,2,2,5,14),
(3,5,2,2,5,15),
(3,6,2,2,5,13),
(3,7,2,2,5,15),
(3,8,2,2,5,15),
(3,9,2,2,5,16),
(3,10,2,2,5,14),
(3,11,2,2,5,13),
(4,1,1,2,1,16),
(4,2,1,2,1,16),
(4,3,1,2,1,9),
(4,4,1,2,1,9),
(4,5,1,2,1,13),
(4,6,1,2,1,10),
(4,7,1,2,1,13),
(4,8,1,2,1,15),
(4,9,1,2,1,12),
(4,10,1,2,1,14),
(4,11,1,2,1,17),
(4,1,1,2,2,14),
(4,2,1,2,2,15),
(4,3,1,2,2,9),
(4,4,1,2,2,17),
(4,5,1,2,2,15),
(4,6,1,2,2,10),
(4,7,1,2,2,11),
(4,8,1,2,2,16),
(4,9,1,2,2,13),
(4,10,1,2,2,9),
(4,11,1,2,2,9),
(4,1,1,2,3,11),
(4,2,1,2,3,16),
(4,3,1,2,3,8),
(4,4,1,2,3,16),
(4,5,1,2,3,13),
(4,6,1,2,3,15),
(4,7,1,2,3,12),
(4,8,1,2,3,10),
(4,9,1,2,3,8),
(4,10,1,2,3,17),
(4,11,1,2,3,8),
(4,1,1,2,4,12),
(4,2,1,2,4,17),
(4,3,1,2,4,16),
(4,4,1,2,4,11),
(4,5,1,2,4,16),
(4,6,1,2,4,17),
(4,7,1,2,4,16),
(4,8,1,2,4,11),
(4,9,1,2,4,14),
(4,10,1,2,4,17),
(4,11,1,2,4,15),
(4,1,1,2,5,14),
(4,2,1,2,5,12),
(4,3,1,2,5,9),
(4,4,1,2,5,10),
(4,5,1,2,5,17),
(4,6,1,2,5,14),
(4,7,1,2,5,9),
(4,8,1,2,5,13),
(4,9,1,2,5,13),
(4,10,1,2,5,16),
(4,11,1,2,5,9),
(4,1,2,2,1,16),
(4,2,2,2,1,13),
(4,3,2,2,1,16),
(4,4,2,2,1,9),
(4,5,2,2,1,8),
(4,6,2,2,1,16),
(4,7,2,2,1,10),
(4,8,2,2,1,16),
(4,9,2,2,1,11),
(4,10,2,2,1,14),
(4,11,2,2,1,16),
(4,1,2,2,2,11),
(4,2,2,2,2,10),
(4,3,2,2,2,11),
(4,4,2,2,2,8),
(4,5,2,2,2,11),
(4,6,2,2,2,17),
(4,7,2,2,2,11),
(4,8,2,2,2,9),
(4,9,2,2,2,12),
(4,10,2,2,2,10),
(4,11,2,2,2,15),
(4,1,2,2,3,14),
(4,2,2,2,3,10),
(4,3,2,2,3,12),
(4,4,2,2,3,8),
(4,5,2,2,3,9),
(4,6,2,2,3,15),
(4,7,2,2,3,13),
(4,8,2,2,3,14),
(4,9,2,2,3,9),
(4,10,2,2,3,8),
(4,11,2,2,3,13),
(4,1,2,2,4,15),
(4,2,2,2,4,17),
(4,3,2,2,4,10),
(4,4,2,2,4,12),
(4,5,2,2,4,8),
(4,6,2,2,4,12),
(4,7,2,2,4,14),
(4,8,2,2,4,14),
(4,9,2,2,4,14),
(4,10,2,2,4,11),
(4,11,2,2,4,16),
(4,1,2,2,5,14),
(4,2,2,2,5,17),
(4,3,2,2,5,12),
(4,4,2,2,5,13),
(4,5,2,2,5,8),
(4,6,2,2,5,9),
(4,7,2,2,5,9),
(4,8,2,2,5,15),
(4,9,2,2,5,12),
(4,10,2,2,5,14),
(4,11,2,2,5,17),
(5,1,1,2,1,17),
(5,2,1,2,1,17),
(5,3,1,2,1,9),
(5,4,1,2,1,16),
(5,5,1,2,1,11),
(5,6,1,2,1,14),
(5,7,1,2,1,10),
(5,8,1,2,1,15),
(5,9,1,2,1,15),
(5,10,1,2,1,8),
(5,11,1,2,1,10),
(5,1,1,2,2,8),
(5,2,1,2,2,9),
(5,3,1,2,2,8),
(5,4,1,2,2,10),
(5,5,1,2,2,15),
(5,6,1,2,2,11),
(5,7,1,2,2,9),
(5,8,1,2,2,17),
(5,9,1,2,2,8),
(5,10,1,2,2,13),
(5,11,1,2,2,17),
(5,1,1,2,3,16),
(5,2,1,2,3,11),
(5,3,1,2,3,14),
(5,4,1,2,3,17),
(5,5,1,2,3,8),
(5,6,1,2,3,17),
(5,7,1,2,3,16),
(5,8,1,2,3,11),
(5,9,1,2,3,15),
(5,10,1,2,3,13),
(5,11,1,2,3,9),
(5,1,1,2,4,16),
(5,2,1,2,4,11),
(5,3,1,2,4,12),
(5,4,1,2,4,8),
(5,5,1,2,4,17),
(5,6,1,2,4,17),
(5,7,1,2,4,14),
(5,8,1,2,4,13),
(5,9,1,2,4,11),
(5,10,1,2,4,15),
(5,11,1,2,4,11),
(5,1,1,2,5,16),
(5,2,1,2,5,17),
(5,3,1,2,5,13),
(5,4,1,2,5,11),
(5,5,1,2,5,15),
(5,6,1,2,5,15),
(5,7,1,2,5,12),
(5,8,1,2,5,10),
(5,9,1,2,5,15),
(5,10,1,2,5,14),
(5,11,1,2,5,10),
(5,1,2,2,1,15),
(5,2,2,2,1,17),
(5,3,2,2,1,14),
(5,4,2,2,1,11),
(5,5,2,2,1,9),
(5,6,2,2,1,12),
(5,7,2,2,1,13),
(5,8,2,2,1,16),
(5,9,2,2,1,11),
(5,10,2,2,1,13),
(5,11,2,2,1,9),
(5,1,2,2,2,17),
(5,2,2,2,2,14),
(5,3,2,2,2,10),
(5,4,2,2,2,13),
(5,5,2,2,2,10),
(5,6,2,2,2,11),
(5,7,2,2,2,12),
(5,8,2,2,2,9),
(5,9,2,2,2,12),
(5,10,2,2,2,9),
(5,11,2,2,2,17),
(5,1,2,2,3,16),
(5,2,2,2,3,9),
(5,3,2,2,3,10),
(5,4,2,2,3,11),
(5,5,2,2,3,13),
(5,6,2,2,3,16),
(5,7,2,2,3,12),
(5,8,2,2,3,12),
(5,9,2,2,3,17),
(5,10,2,2,3,10),
(5,11,2,2,3,16),
(5,1,2,2,4,10),
(5,2,2,2,4,16),
(5,3,2,2,4,17),
(5,4,2,2,4,14),
(5,5,2,2,4,9),
(5,6,2,2,4,17),
(5,7,2,2,4,11),
(5,8,2,2,4,8),
(5,9,2,2,4,12),
(5,10,2,2,4,17),
(5,11,2,2,4,17),
(5,1,2,2,5,15),
(5,2,2,2,5,15),
(5,3,2,2,5,16),
(5,4,2,2,5,9),
(5,5,2,2,5,16),
(5,6,2,2,5,15),
(5,7,2,2,5,15),
(5,8,2,2,5,15),
(5,9,2,2,5,13),
(5,10,2,2,5,9),
(5,11,2,2,5,11),
(6,1,1,2,1,9),
(6,2,1,2,1,17),
(6,3,1,2,1,16),
(6,4,1,2,1,15),
(6,5,1,2,1,13),
(6,6,1,2,1,16),
(6,7,1,2,1,15),
(6,8,1,2,1,12),
(6,9,1,2,1,16),
(6,10,1,2,1,15),
(6,11,1,2,1,17),
(6,1,1,2,2,11),
(6,2,1,2,2,11),
(6,3,1,2,2,15),
(6,4,1,2,2,9),
(6,5,1,2,2,11),
(6,6,1,2,2,8),
(6,7,1,2,2,11),
(6,8,1,2,2,16),
(6,9,1,2,2,14),
(6,10,1,2,2,14),
(6,11,1,2,2,13),
(6,1,1,2,3,8),
(6,2,1,2,3,16),
(6,3,1,2,3,14),
(6,4,1,2,3,16),
(6,5,1,2,3,9),
(6,6,1,2,3,16),
(6,7,1,2,3,10),
(6,8,1,2,3,8),
(6,9,1,2,3,15),
(6,10,1,2,3,10),
(6,11,1,2,3,17),
(6,1,1,2,4,15),
(6,2,1,2,4,12),
(6,3,1,2,4,15),
(6,4,1,2,4,17),
(6,5,1,2,4,9),
(6,6,1,2,4,12),
(6,7,1,2,4,16),
(6,8,1,2,4,16),
(6,9,1,2,4,8),
(6,10,1,2,4,14),
(6,11,1,2,4,11),
(6,1,1,2,5,11),
(6,2,1,2,5,9),
(6,3,1,2,5,16),
(6,4,1,2,5,14),
(6,5,1,2,5,13),
(6,6,1,2,5,14),
(6,7,1,2,5,8),
(6,8,1,2,5,17),
(6,9,1,2,5,16),
(6,10,1,2,5,17),
(6,11,1,2,5,11),
(6,1,2,2,1,11),
(6,2,2,2,1,14),
(6,3,2,2,1,12),
(6,4,2,2,1,9),
(6,5,2,2,1,11),
(6,6,2,2,1,13),
(6,7,2,2,1,10),
(6,8,2,2,1,16),
(6,9,2,2,1,11),
(6,10,2,2,1,8),
(6,11,2,2,1,14),
(6,1,2,2,2,10),
(6,2,2,2,2,8),
(6,3,2,2,2,10),
(6,4,2,2,2,12),
(6,5,2,2,2,13),
(6,6,2,2,2,11),
(6,7,2,2,2,9),
(6,8,2,2,2,17),
(6,9,2,2,2,11),
(6,10,2,2,2,9),
(6,11,2,2,2,11),
(6,1,2,2,3,11),
(6,2,2,2,3,14),
(6,3,2,2,3,15),
(6,4,2,2,3,16),
(6,5,2,2,3,12),
(6,6,2,2,3,13),
(6,7,2,2,3,14),
(6,8,2,2,3,12),
(6,9,2,2,3,12),
(6,10,2,2,3,16),
(6,11,2,2,3,8),
(6,1,2,2,4,12),
(6,2,2,2,4,13),
(6,3,2,2,4,8),
(6,4,2,2,4,14),
(6,5,2,2,4,17),
(6,6,2,2,4,16),
(6,7,2,2,4,17),
(6,8,2,2,4,8),
(6,9,2,2,4,12),
(6,10,2,2,4,11),
(6,11,2,2,4,11),
(6,1,2,2,5,17),
(6,2,2,2,5,8),
(6,3,2,2,5,16),
(6,4,2,2,5,12),
(6,5,2,2,5,9),
(6,6,2,2,5,11),
(6,7,2,2,5,15),
(6,8,2,2,5,8),
(6,9,2,2,5,8),
(6,10,2,2,5,13),
(6,11,2,2,5,12),
(7,1,1,2,1,8),
(7,2,1,2,1,8),
(7,3,1,2,1,15),
(7,4,1,2,1,17),
(7,5,1,2,1,16),
(7,6,1,2,1,8),
(7,7,1,2,1,15),
(7,8,1,2,1,8),
(7,9,1,2,1,16),
(7,10,1,2,1,9),
(7,11,1,2,1,10),
(7,1,1,2,2,9),
(7,2,1,2,2,10),
(7,3,1,2,2,13),
(7,4,1,2,2,9),
(7,5,1,2,2,17),
(7,6,1,2,2,11),
(7,7,1,2,2,16),
(7,8,1,2,2,17),
(7,9,1,2,2,10),
(7,10,1,2,2,11),
(7,11,1,2,2,14),
(7,1,1,2,3,15),
(7,2,1,2,3,16),
(7,3,1,2,3,8),
(7,4,1,2,3,8),
(7,5,1,2,3,15),
(7,6,1,2,3,11),
(7,7,1,2,3,13),
(7,8,1,2,3,15),
(7,9,1,2,3,10),
(7,10,1,2,3,15),
(7,11,1,2,3,10),
(7,1,1,2,4,8),
(7,2,1,2,4,14),
(7,3,1,2,4,15),
(7,4,1,2,4,12),
(7,5,1,2,4,10),
(7,6,1,2,4,15),
(7,7,1,2,4,8),
(7,8,1,2,4,15),
(7,9,1,2,4,16),
(7,10,1,2,4,8),
(7,11,1,2,4,14),
(7,1,1,2,5,15),
(7,2,1,2,5,8),
(7,3,1,2,5,12),
(7,4,1,2,5,10),
(7,5,1,2,5,11),
(7,6,1,2,5,14),
(7,7,1,2,5,13),
(7,8,1,2,5,10),
(7,9,1,2,5,14),
(7,10,1,2,5,17),
(7,11,1,2,5,14),
(7,1,2,2,1,9),
(7,2,2,2,1,10),
(7,3,2,2,1,9),
(7,4,2,2,1,8),
(7,5,2,2,1,15),
(7,6,2,2,1,15),
(7,7,2,2,1,16),
(7,8,2,2,1,14),
(7,9,2,2,1,13),
(7,10,2,2,1,10),
(7,11,2,2,1,10),
(7,1,2,2,2,9),
(7,2,2,2,2,12),
(7,3,2,2,2,12),
(7,4,2,2,2,16),
(7,5,2,2,2,12),
(7,6,2,2,2,12),
(7,7,2,2,2,9),
(7,8,2,2,2,17),
(7,9,2,2,2,13),
(7,10,2,2,2,8),
(7,11,2,2,2,12),
(7,1,2,2,3,12),
(7,2,2,2,3,14),
(7,3,2,2,3,13),
(7,4,2,2,3,12),
(7,5,2,2,3,16),
(7,6,2,2,3,13),
(7,7,2,2,3,11),
(7,8,2,2,3,8),
(7,9,2,2,3,17),
(7,10,2,2,3,14),
(7,11,2,2,3,14),
(7,1,2,2,4,8),
(7,2,2,2,4,11),
(7,3,2,2,4,14),
(7,4,2,2,4,9),
(7,5,2,2,4,8),
(7,6,2,2,4,16),
(7,7,2,2,4,15),
(7,8,2,2,4,16),
(7,9,2,2,4,15),
(7,10,2,2,4,16),
(7,11,2,2,4,13),
(7,1,2,2,5,16),
(7,2,2,2,5,15),
(7,3,2,2,5,12),
(7,4,2,2,5,14),
(7,5,2,2,5,9),
(7,6,2,2,5,13),
(7,7,2,2,5,16),
(7,8,2,2,5,12),
(7,9,2,2,5,15),
(7,10,2,2,5,16),
(7,11,2,2,5,10),
(8,1,1,2,1,13),
(8,2,1,2,1,17),
(8,3,1,2,1,9),
(8,4,1,2,1,10),
(8,5,1,2,1,9),
(8,6,1,2,1,12),
(8,7,1,2,1,10),
(8,8,1,2,1,14),
(8,9,1,2,1,10),
(8,10,1,2,1,15),
(8,11,1,2,1,17),
(8,1,1,2,2,11),
(8,2,1,2,2,16),
(8,3,1,2,2,10),
(8,4,1,2,2,8),
(8,5,1,2,2,9),
(8,6,1,2,2,12),
(8,7,1,2,2,11),
(8,8,1,2,2,16),
(8,9,1,2,2,8),
(8,10,1,2,2,9),
(8,11,1,2,2,11),
(8,1,1,2,3,10),
(8,2,1,2,3,16),
(8,3,1,2,3,15),
(8,4,1,2,3,11),
(8,5,1,2,3,13),
(8,6,1,2,3,10),
(8,7,1,2,3,14),
(8,8,1,2,3,12),
(8,9,1,2,3,9),
(8,10,1,2,3,11),
(8,11,1,2,3,17),
(8,1,1,2,4,10),
(8,2,1,2,4,16),
(8,3,1,2,4,15),
(8,4,1,2,4,9),
(8,5,1,2,4,13),
(8,6,1,2,4,11),
(8,7,1,2,4,14),
(8,8,1,2,4,9),
(8,9,1,2,4,17),
(8,10,1,2,4,14),
(8,11,1,2,4,13),
(8,1,1,2,5,13),
(8,2,1,2,5,8),
(8,3,1,2,5,12),
(8,4,1,2,5,17),
(8,5,1,2,5,17),
(8,6,1,2,5,9),
(8,7,1,2,5,8),
(8,8,1,2,5,8),
(8,9,1,2,5,10),
(8,10,1,2,5,10),
(8,11,1,2,5,8),
(8,1,2,2,1,17),
(8,2,2,2,1,15),
(8,3,2,2,1,14),
(8,4,2,2,1,13),
(8,5,2,2,1,11),
(8,6,2,2,1,9),
(8,7,2,2,1,14),
(8,8,2,2,1,9),
(8,9,2,2,1,11),
(8,10,2,2,1,15),
(8,11,2,2,1,17),
(8,1,2,2,2,17),
(8,2,2,2,2,12),
(8,3,2,2,2,16),
(8,4,2,2,2,16),
(8,5,2,2,2,11),
(8,6,2,2,2,12),
(8,7,2,2,2,8),
(8,8,2,2,2,10),
(8,9,2,2,2,15),
(8,10,2,2,2,14),
(8,11,2,2,2,13),
(8,1,2,2,3,12),
(8,2,2,2,3,11),
(8,3,2,2,3,10),
(8,4,2,2,3,10),
(8,5,2,2,3,14),
(8,6,2,2,3,12),
(8,7,2,2,3,15),
(8,8,2,2,3,11),
(8,9,2,2,3,14),
(8,10,2,2,3,9),
(8,11,2,2,3,13),
(8,1,2,2,4,9),
(8,2,2,2,4,14),
(8,3,2,2,4,14),
(8,4,2,2,4,15),
(8,5,2,2,4,15),
(8,6,2,2,4,17),
(8,7,2,2,4,16),
(8,8,2,2,4,16),
(8,9,2,2,4,11),
(8,10,2,2,4,11),
(8,11,2,2,4,15),
(8,1,2,2,5,9),
(8,2,2,2,5,8),
(8,3,2,2,5,16),
(8,4,2,2,5,8),
(8,5,2,2,5,16),
(8,6,2,2,5,17),
(8,7,2,2,5,12),
(8,8,2,2,5,12),
(8,9,2,2,5,17),
(8,10,2,2,5,8),
(8,11,2,2,5,12),
(9,1,1,2,1,11),
(9,2,1,2,1,9),
(9,3,1,2,1,8),
(9,4,1,2,1,11),
(9,5,1,2,1,13),
(9,6,1,2,1,8),
(9,7,1,2,1,10),
(9,8,1,2,1,14),
(9,9,1,2,1,12),
(9,10,1,2,1,17),
(9,11,1,2,1,16),
(9,1,1,2,2,15),
(9,2,1,2,2,16),
(9,3,1,2,2,9),
(9,4,1,2,2,10),
(9,5,1,2,2,14),
(9,6,1,2,2,14),
(9,7,1,2,2,11),
(9,8,1,2,2,12),
(9,9,1,2,2,13),
(9,10,1,2,2,15),
(9,11,1,2,2,11),
(9,1,1,2,3,17),
(9,2,1,2,3,17),
(9,3,1,2,3,11),
(9,4,1,2,3,9),
(9,5,1,2,3,14),
(9,6,1,2,3,9),
(9,7,1,2,3,8),
(9,8,1,2,3,10),
(9,9,1,2,3,12),
(9,10,1,2,3,8),
(9,11,1,2,3,12),
(9,1,1,2,4,11),
(9,2,1,2,4,12),
(9,3,1,2,4,9),
(9,4,1,2,4,10),
(9,5,1,2,4,17),
(9,6,1,2,4,11),
(9,7,1,2,4,8),
(9,8,1,2,4,17),
(9,9,1,2,4,14),
(9,10,1,2,4,17),
(9,11,1,2,4,8),
(9,1,1,2,5,10),
(9,2,1,2,5,17),
(9,3,1,2,5,16),
(9,4,1,2,5,15),
(9,5,1,2,5,9),
(9,6,1,2,5,9),
(9,7,1,2,5,17),
(9,8,1,2,5,9),
(9,9,1,2,5,11),
(9,10,1,2,5,11),
(9,11,1,2,5,16),
(9,1,2,2,1,8),
(9,2,2,2,1,15),
(9,3,2,2,1,8),
(9,4,2,2,1,10),
(9,5,2,2,1,12),
(9,6,2,2,1,9),
(9,7,2,2,1,16),
(9,8,2,2,1,17),
(9,9,2,2,1,8),
(9,10,2,2,1,9),
(9,11,2,2,1,16),
(9,1,2,2,2,13),
(9,2,2,2,2,15),
(9,3,2,2,2,14),
(9,4,2,2,2,15),
(9,5,2,2,2,10),
(9,6,2,2,2,12),
(9,7,2,2,2,12),
(9,8,2,2,2,13),
(9,9,2,2,2,15),
(9,10,2,2,2,8),
(9,11,2,2,2,9),
(9,1,2,2,3,8),
(9,2,2,2,3,16),
(9,3,2,2,3,17),
(9,4,2,2,3,12),
(9,5,2,2,3,12),
(9,6,2,2,3,14),
(9,7,2,2,3,14),
(9,8,2,2,3,15),
(9,9,2,2,3,16),
(9,10,2,2,3,14),
(9,11,2,2,3,14),
(9,1,2,2,4,11),
(9,2,2,2,4,13),
(9,3,2,2,4,15),
(9,4,2,2,4,15),
(9,5,2,2,4,13),
(9,6,2,2,4,13),
(9,7,2,2,4,9),
(9,8,2,2,4,13),
(9,9,2,2,4,11),
(9,10,2,2,4,16),
(9,11,2,2,4,12),
(9,1,2,2,5,9),
(9,2,2,2,5,17),
(9,3,2,2,5,13),
(9,4,2,2,5,12),
(9,5,2,2,5,8),
(9,6,2,2,5,8),
(9,7,2,2,5,15),
(9,8,2,2,5,16),
(9,9,2,2,5,13),
(9,10,2,2,5,14),
(9,11,2,2,5,14),
(10,1,1,2,1,12),
(10,2,1,2,1,13),
(10,3,1,2,1,15),
(10,4,1,2,1,8),
(10,5,1,2,1,13),
(10,6,1,2,1,8),
(10,7,1,2,1,13),
(10,8,1,2,1,13),
(10,9,1,2,1,16),
(10,10,1,2,1,12),
(10,11,1,2,1,8),
(10,1,1,2,2,13),
(10,2,1,2,2,8),
(10,3,1,2,2,8),
(10,4,1,2,2,15),
(10,5,1,2,2,13),
(10,6,1,2,2,10),
(10,7,1,2,2,17),
(10,8,1,2,2,14),
(10,9,1,2,2,14),
(10,10,1,2,2,9),
(10,11,1,2,2,15),
(10,1,1,2,3,11),
(10,2,1,2,3,16),
(10,3,1,2,3,13),
(10,4,1,2,3,15),
(10,5,1,2,3,17),
(10,6,1,2,3,10),
(10,7,1,2,3,9),
(10,8,1,2,3,12),
(10,9,1,2,3,17),
(10,10,1,2,3,8),
(10,11,1,2,3,11),
(10,1,1,2,4,13),
(10,2,1,2,4,13),
(10,3,1,2,4,11),
(10,4,1,2,4,12),
(10,5,1,2,4,11),
(10,6,1,2,4,16),
(10,7,1,2,4,11),
(10,8,1,2,4,17),
(10,9,1,2,4,11),
(10,10,1,2,4,9),
(10,11,1,2,4,17),
(10,1,1,2,5,14),
(10,2,1,2,5,8),
(10,3,1,2,5,8),
(10,4,1,2,5,12),
(10,5,1,2,5,9),
(10,6,1,2,5,16),
(10,7,1,2,5,17),
(10,8,1,2,5,11),
(10,9,1,2,5,14),
(10,10,1,2,5,9),
(10,11,1,2,5,15),
(10,1,2,2,1,12),
(10,2,2,2,1,8),
(10,3,2,2,1,13),
(10,4,2,2,1,10),
(10,5,2,2,1,8),
(10,6,2,2,1,9),
(10,7,2,2,1,11),
(10,8,2,2,1,12),
(10,9,2,2,1,15),
(10,10,2,2,1,16),
(10,11,2,2,1,8),
(10,1,2,2,2,8),
(10,2,2,2,2,17),
(10,3,2,2,2,9),
(10,4,2,2,2,16),
(10,5,2,2,2,16),
(10,6,2,2,2,13),
(10,7,2,2,2,9),
(10,8,2,2,2,9),
(10,9,2,2,2,14),
(10,10,2,2,2,8),
(10,11,2,2,2,9),
(10,1,2,2,3,15),
(10,2,2,2,3,8),
(10,3,2,2,3,13),
(10,4,2,2,3,14),
(10,5,2,2,3,9),
(10,6,2,2,3,8),
(10,7,2,2,3,17),
(10,8,2,2,3,14),
(10,9,2,2,3,17),
(10,10,2,2,3,11),
(10,11,2,2,3,9),
(10,1,2,2,4,17),
(10,2,2,2,4,10),
(10,3,2,2,4,10),
(10,4,2,2,4,10),
(10,5,2,2,4,12),
(10,6,2,2,4,17),
(10,7,2,2,4,8),
(10,8,2,2,4,17),
(10,9,2,2,4,16),
(10,10,2,2,4,17),
(10,11,2,2,4,13),
(10,1,2,2,5,11),
(10,2,2,2,5,10),
(10,3,2,2,5,17),
(10,4,2,2,5,14),
(10,5,2,2,5,8),
(10,6,2,2,5,12),
(10,7,2,2,5,10),
(10,8,2,2,5,16),
(10,9,2,2,5,11),
(10,10,2,2,5,13),
(10,11,2,2,5,9),
(11,1,1,2,1,17),
(11,2,1,2,1,17),
(11,3,1,2,1,12),
(11,4,1,2,1,11),
(11,5,1,2,1,10),
(11,6,1,2,1,17),
(11,7,1,2,1,16),
(11,8,1,2,1,16),
(11,9,1,2,1,11),
(11,10,1,2,1,11),
(11,11,1,2,1,14),
(11,1,1,2,2,13),
(11,2,1,2,2,11),
(11,3,1,2,2,11),
(11,4,1,2,2,12),
(11,5,1,2,2,11),
(11,6,1,2,2,12),
(11,7,1,2,2,9),
(11,8,1,2,2,13),
(11,9,1,2,2,13),
(11,10,1,2,2,9),
(11,11,1,2,2,17),
(11,1,1,2,3,9),
(11,2,1,2,3,8),
(11,3,1,2,3,13),
(11,4,1,2,3,11),
(11,5,1,2,3,9),
(11,6,1,2,3,15),
(11,7,1,2,3,9),
(11,8,1,2,3,9),
(11,9,1,2,3,12),
(11,10,1,2,3,8),
(11,11,1,2,3,17),
(11,1,1,2,4,16),
(11,2,1,2,4,17),
(11,3,1,2,4,13),
(11,4,1,2,4,15),
(11,5,1,2,4,15),
(11,6,1,2,4,14),
(11,7,1,2,4,13),
(11,8,1,2,4,9),
(11,9,1,2,4,11),
(11,10,1,2,4,9),
(11,11,1,2,4,10),
(11,1,1,2,5,14),
(11,2,1,2,5,16),
(11,3,1,2,5,16),
(11,4,1,2,5,16),
(11,5,1,2,5,17),
(11,6,1,2,5,13),
(11,7,1,2,5,8),
(11,8,1,2,5,14),
(11,9,1,2,5,15),
(11,10,1,2,5,17),
(11,11,1,2,5,15),
(11,1,2,2,1,9),
(11,2,2,2,1,13),
(11,3,2,2,1,16),
(11,4,2,2,1,14),
(11,5,2,2,1,10),
(11,6,2,2,1,16),
(11,7,2,2,1,12),
(11,8,2,2,1,17),
(11,9,2,2,1,17),
(11,10,2,2,1,14),
(11,11,2,2,1,11),
(11,1,2,2,2,14),
(11,2,2,2,2,16),
(11,3,2,2,2,9),
(11,4,2,2,2,13),
(11,5,2,2,2,11),
(11,6,2,2,2,12),
(11,7,2,2,2,16),
(11,8,2,2,2,9),
(11,9,2,2,2,14),
(11,10,2,2,2,12),
(11,11,2,2,2,15),
(11,1,2,2,3,11),
(11,2,2,2,3,12),
(11,3,2,2,3,17),
(11,4,2,2,3,13),
(11,5,2,2,3,12),
(11,6,2,2,3,10),
(11,7,2,2,3,11),
(11,8,2,2,3,16),
(11,9,2,2,3,9),
(11,10,2,2,3,14),
(11,11,2,2,3,16),
(11,1,2,2,4,15),
(11,2,2,2,4,8),
(11,3,2,2,4,11),
(11,4,2,2,4,13),
(11,5,2,2,4,13),
(11,6,2,2,4,15),
(11,7,2,2,4,12),
(11,8,2,2,4,13),
(11,9,2,2,4,9),
(11,10,2,2,4,9),
(11,11,2,2,4,8),
(11,1,2,2,5,12),
(11,2,2,2,5,8),
(11,3,2,2,5,10),
(11,4,2,2,5,10),
(11,5,2,2,5,16),
(11,6,2,2,5,9),
(11,7,2,2,5,12),
(11,8,2,2,5,9),
(11,9,2,2,5,15),
(11,10,2,2,5,12),
(11,11,2,2,5,14),
(12,1,1,2,1,12),
(12,2,1,2,1,13),
(12,3,1,2,1,15),
(12,4,1,2,1,14),
(12,5,1,2,1,15),
(12,6,1,2,1,14),
(12,7,1,2,1,15),
(12,8,1,2,1,16),
(12,9,1,2,1,15),
(12,10,1,2,1,14),
(12,11,1,2,1,13),
(12,1,1,2,2,14),
(12,2,1,2,2,12),
(12,3,1,2,2,16),
(12,4,1,2,2,11),
(12,5,1,2,2,16),
(12,6,1,2,2,12),
(12,7,1,2,2,13),
(12,8,1,2,2,8),
(12,9,1,2,2,8),
(12,10,1,2,2,15),
(12,11,1,2,2,16),
(12,1,1,2,3,11),
(12,2,1,2,3,14),
(12,3,1,2,3,9),
(12,4,1,2,3,12),
(12,5,1,2,3,13),
(12,6,1,2,3,12),
(12,7,1,2,3,10),
(12,8,1,2,3,17),
(12,9,1,2,3,8),
(12,10,1,2,3,10),
(12,11,1,2,3,13),
(12,1,1,2,4,15),
(12,2,1,2,4,14),
(12,3,1,2,4,8),
(12,4,1,2,4,8),
(12,5,1,2,4,11),
(12,6,1,2,4,13),
(12,7,1,2,4,9),
(12,8,1,2,4,16),
(12,9,1,2,4,8),
(12,10,1,2,4,11),
(12,11,1,2,4,12),
(12,1,1,2,5,11),
(12,2,1,2,5,10),
(12,3,1,2,5,11),
(12,4,1,2,5,12),
(12,5,1,2,5,13),
(12,6,1,2,5,15),
(12,7,1,2,5,16),
(12,8,1,2,5,17),
(12,9,1,2,5,17),
(12,10,1,2,5,14),
(12,11,1,2,5,8),
(12,1,2,2,1,15),
(12,2,2,2,1,15),
(12,3,2,2,1,14),
(12,4,2,2,1,17),
(12,5,2,2,1,15),
(12,6,2,2,1,11),
(12,7,2,2,1,10),
(12,8,2,2,1,10),
(12,9,2,2,1,10),
(12,10,2,2,1,13),
(12,11,2,2,1,12),
(12,1,2,2,2,14),
(12,2,2,2,2,9),
(12,3,2,2,2,15),
(12,4,2,2,2,16),
(12,5,2,2,2,13),
(12,6,2,2,2,10),
(12,7,2,2,2,10),
(12,8,2,2,2,8),
(12,9,2,2,2,13),
(12,10,2,2,2,8),
(12,11,2,2,2,9),
(12,1,2,2,3,12),
(12,2,2,2,3,9),
(12,3,2,2,3,14),
(12,4,2,2,3,14),
(12,5,2,2,3,14),
(12,6,2,2,3,11),
(12,7,2,2,3,8),
(12,8,2,2,3,15),
(12,9,2,2,3,16),
(12,10,2,2,3,17),
(12,11,2,2,3,11),
(12,1,2,2,4,12),
(12,2,2,2,4,16),
(12,3,2,2,4,11),
(12,4,2,2,4,15),
(12,5,2,2,4,9),
(12,6,2,2,4,10),
(12,7,2,2,4,9),
(12,8,2,2,4,9),
(12,9,2,2,4,10),
(12,10,2,2,4,12),
(12,11,2,2,4,16),
(12,1,2,2,5,13),
(12,2,2,2,5,9),
(12,3,2,2,5,12),
(12,4,2,2,5,16),
(12,5,2,2,5,11),
(12,6,2,2,5,16),
(12,7,2,2,5,12),
(12,8,2,2,5,9),
(12,9,2,2,5,17),
(12,10,2,2,5,8),
(12,11,2,2,5,14),
(13,1,1,2,1,15),
(13,2,1,2,1,15),
(13,3,1,2,1,9),
(13,4,1,2,1,17),
(13,5,1,2,1,17),
(13,6,1,2,1,9),
(13,7,1,2,1,14),
(13,8,1,2,1,13),
(13,9,1,2,1,16),
(13,10,1,2,1,12),
(13,11,1,2,1,16),
(13,1,1,2,2,9),
(13,2,1,2,2,17),
(13,3,1,2,2,9),
(13,4,1,2,2,8),
(13,5,1,2,2,13),
(13,6,1,2,2,14),
(13,7,1,2,2,9),
(13,8,1,2,2,14),
(13,9,1,2,2,17),
(13,10,1,2,2,17),
(13,11,1,2,2,17),
(13,1,1,2,3,9),
(13,2,1,2,3,9),
(13,3,1,2,3,14),
(13,4,1,2,3,15),
(13,5,1,2,3,11),
(13,6,1,2,3,14),
(13,7,1,2,3,9),
(13,8,1,2,3,9),
(13,9,1,2,3,16),
(13,10,1,2,3,17),
(13,11,1,2,3,11),
(13,1,1,2,4,11),
(13,2,1,2,4,17),
(13,3,1,2,4,9),
(13,4,1,2,4,10),
(13,5,1,2,4,8),
(13,6,1,2,4,12),
(13,7,1,2,4,14),
(13,8,1,2,4,17),
(13,9,1,2,4,9),
(13,10,1,2,4,11),
(13,11,1,2,4,12),
(13,1,1,2,5,12),
(13,2,1,2,5,14),
(13,3,1,2,5,16),
(13,4,1,2,5,9),
(13,5,1,2,5,15),
(13,6,1,2,5,15),
(13,7,1,2,5,13),
(13,8,1,2,5,15),
(13,9,1,2,5,15),
(13,10,1,2,5,14),
(13,11,1,2,5,17),
(13,1,2,2,1,14),
(13,2,2,2,1,13),
(13,3,2,2,1,11),
(13,4,2,2,1,8),
(13,5,2,2,1,13),
(13,6,2,2,1,10),
(13,7,2,2,1,16),
(13,8,2,2,1,16),
(13,9,2,2,1,12),
(13,10,2,2,1,13),
(13,11,2,2,1,10),
(13,1,2,2,2,12),
(13,2,2,2,2,10),
(13,3,2,2,2,11),
(13,4,2,2,2,17),
(13,5,2,2,2,14),
(13,6,2,2,2,14),
(13,7,2,2,2,17),
(13,8,2,2,2,10),
(13,9,2,2,2,8),
(13,10,2,2,2,17),
(13,11,2,2,2,15),
(13,1,2,2,3,17),
(13,2,2,2,3,17),
(13,3,2,2,3,10),
(13,4,2,2,3,16),
(13,5,2,2,3,14),
(13,6,2,2,3,9),
(13,7,2,2,3,8),
(13,8,2,2,3,12),
(13,9,2,2,3,16),
(13,10,2,2,3,17),
(13,11,2,2,3,15),
(13,1,2,2,4,12),
(13,2,2,2,4,16),
(13,3,2,2,4,10),
(13,4,2,2,4,13),
(13,5,2,2,4,16),
(13,6,2,2,4,15),
(13,7,2,2,4,12),
(13,8,2,2,4,14),
(13,9,2,2,4,8),
(13,10,2,2,4,10),
(13,11,2,2,4,10),
(13,1,2,2,5,10),
(13,2,2,2,5,15),
(13,3,2,2,5,11),
(13,4,2,2,5,9),
(13,5,2,2,5,12),
(13,6,2,2,5,17),
(13,7,2,2,5,13),
(13,8,2,2,5,10),
(13,9,2,2,5,14),
(13,10,2,2,5,16),
(13,11,2,2,5,8),
(14,1,1,2,1,14),
(14,2,1,2,1,8),
(14,3,1,2,1,15),
(14,4,1,2,1,12),
(14,5,1,2,1,16),
(14,6,1,2,1,15),
(14,7,1,2,1,15),
(14,8,1,2,1,17),
(14,9,1,2,1,8),
(14,10,1,2,1,10),
(14,11,1,2,1,14),
(14,1,1,2,2,16),
(14,2,1,2,2,14),
(14,3,1,2,2,14),
(14,4,1,2,2,15),
(14,5,1,2,2,16),
(14,6,1,2,2,15),
(14,7,1,2,2,8),
(14,8,1,2,2,9),
(14,9,1,2,2,12),
(14,10,1,2,2,8),
(14,11,1,2,2,17),
(14,1,1,2,3,8),
(14,2,1,2,3,8),
(14,3,1,2,3,8),
(14,4,1,2,3,9),
(14,5,1,2,3,12),
(14,6,1,2,3,12),
(14,7,1,2,3,8),
(14,8,1,2,3,16),
(14,9,1,2,3,11),
(14,10,1,2,3,8),
(14,11,1,2,3,17),
(14,1,1,2,4,13),
(14,2,1,2,4,14),
(14,3,1,2,4,11),
(14,4,1,2,4,13),
(14,5,1,2,4,8),
(14,6,1,2,4,15),
(14,7,1,2,4,13),
(14,8,1,2,4,9),
(14,9,1,2,4,15),
(14,10,1,2,4,11),
(14,11,1,2,4,17),
(14,1,1,2,5,14),
(14,2,1,2,5,16),
(14,3,1,2,5,17),
(14,4,1,2,5,8),
(14,5,1,2,5,15),
(14,6,1,2,5,12),
(14,7,1,2,5,16),
(14,8,1,2,5,14),
(14,9,1,2,5,15),
(14,10,1,2,5,9),
(14,11,1,2,5,16),
(14,1,2,2,1,13),
(14,2,2,2,1,15),
(14,3,2,2,1,13),
(14,4,2,2,1,9),
(14,5,2,2,1,12),
(14,6,2,2,1,16),
(14,7,2,2,1,16),
(14,8,2,2,1,14),
(14,9,2,2,1,16),
(14,10,2,2,1,8),
(14,11,2,2,1,12),
(14,1,2,2,2,8),
(14,2,2,2,2,14),
(14,3,2,2,2,16),
(14,4,2,2,2,10),
(14,5,2,2,2,13),
(14,6,2,2,2,8),
(14,7,2,2,2,17),
(14,8,2,2,2,14),
(14,9,2,2,2,14),
(14,10,2,2,2,12),
(14,11,2,2,2,15),
(14,1,2,2,3,12),
(14,2,2,2,3,15),
(14,3,2,2,3,14),
(14,4,2,2,3,9),
(14,5,2,2,3,8),
(14,6,2,2,3,10),
(14,7,2,2,3,11),
(14,8,2,2,3,15),
(14,9,2,2,3,12),
(14,10,2,2,3,10),
(14,11,2,2,3,11),
(14,1,2,2,4,16),
(14,2,2,2,4,14),
(14,3,2,2,4,10),
(14,4,2,2,4,10),
(14,5,2,2,4,14),
(14,6,2,2,4,11),
(14,7,2,2,4,13),
(14,8,2,2,4,11),
(14,9,2,2,4,10),
(14,10,2,2,4,11),
(14,11,2,2,4,9),
(14,1,2,2,5,10),
(14,2,2,2,5,10),
(14,3,2,2,5,14),
(14,4,2,2,5,15),
(14,5,2,2,5,14),
(14,6,2,2,5,13),
(14,7,2,2,5,12),
(14,8,2,2,5,12),
(14,9,2,2,5,16),
(14,10,2,2,5,11),
(14,11,2,2,5,17),
(15,1,1,2,1,15),
(15,2,1,2,1,13),
(15,3,1,2,1,16),
(15,4,1,2,1,8),
(15,5,1,2,1,16),
(15,6,1,2,1,15),
(15,7,1,2,1,9),
(15,8,1,2,1,9),
(15,9,1,2,1,14),
(15,10,1,2,1,17),
(15,11,1,2,1,15),
(15,1,1,2,2,12),
(15,2,1,2,2,17),
(15,3,1,2,2,10),
(15,4,1,2,2,12),
(15,5,1,2,2,13),
(15,6,1,2,2,17),
(15,7,1,2,2,17),
(15,8,1,2,2,10),
(15,9,1,2,2,12),
(15,10,1,2,2,17),
(15,11,1,2,2,16),
(15,1,1,2,3,11),
(15,2,1,2,3,16),
(15,3,1,2,3,9),
(15,4,1,2,3,17),
(15,5,1,2,3,11),
(15,6,1,2,3,13),
(15,7,1,2,3,13),
(15,8,1,2,3,12),
(15,9,1,2,3,12),
(15,10,1,2,3,12),
(15,11,1,2,3,15),
(15,1,1,2,4,8),
(15,2,1,2,4,17),
(15,3,1,2,4,14),
(15,4,1,2,4,13),
(15,5,1,2,4,12),
(15,6,1,2,4,13),
(15,7,1,2,4,12),
(15,8,1,2,4,16),
(15,9,1,2,4,13),
(15,10,1,2,4,8),
(15,11,1,2,4,15),
(15,1,1,2,5,9),
(15,2,1,2,5,10),
(15,3,1,2,5,14),
(15,4,1,2,5,17),
(15,5,1,2,5,10),
(15,6,1,2,5,9),
(15,7,1,2,5,8),
(15,8,1,2,5,11),
(15,9,1,2,5,9),
(15,10,1,2,5,9),
(15,11,1,2,5,11),
(15,1,2,2,1,8),
(15,2,2,2,1,14),
(15,3,2,2,1,14),
(15,4,2,2,1,11),
(15,5,2,2,1,16),
(15,6,2,2,1,11),
(15,7,2,2,1,11),
(15,8,2,2,1,8),
(15,9,2,2,1,8),
(15,10,2,2,1,17),
(15,11,2,2,1,17),
(15,1,2,2,2,11),
(15,2,2,2,2,11),
(15,3,2,2,2,9),
(15,4,2,2,2,13),
(15,5,2,2,2,10),
(15,6,2,2,2,14),
(15,7,2,2,2,11),
(15,8,2,2,2,13),
(15,9,2,2,2,10),
(15,10,2,2,2,11),
(15,11,2,2,2,13),
(15,1,2,2,3,8),
(15,2,2,2,3,14),
(15,3,2,2,3,8),
(15,4,2,2,3,10),
(15,5,2,2,3,9),
(15,6,2,2,3,11),
(15,7,2,2,3,8),
(15,8,2,2,3,8),
(15,9,2,2,3,13),
(15,10,2,2,3,8),
(15,11,2,2,3,10),
(15,1,2,2,4,12),
(15,2,2,2,4,8),
(15,3,2,2,4,10),
(15,4,2,2,4,14),
(15,5,2,2,4,12),
(15,6,2,2,4,17),
(15,7,2,2,4,12),
(15,8,2,2,4,17),
(15,9,2,2,4,8),
(15,10,2,2,4,15),
(15,11,2,2,4,11),
(15,1,2,2,5,9),
(15,2,2,2,5,9),
(15,3,2,2,5,9),
(15,4,2,2,5,11),
(15,5,2,2,5,12),
(15,6,2,2,5,12),
(15,7,2,2,5,13),
(15,8,2,2,5,13),
(15,9,2,2,5,15),
(15,10,2,2,5,14),
(15,11,2,2,5,13),
(16,1,1,2,1,14),
(16,2,1,2,1,13),
(16,3,1,2,1,15),
(16,4,1,2,1,9),
(16,5,1,2,1,9),
(16,6,1,2,1,13),
(16,7,1,2,1,12),
(16,8,1,2,1,15),
(16,9,1,2,1,12),
(16,10,1,2,1,17),
(16,11,1,2,1,14),
(16,1,1,2,2,11),
(16,2,1,2,2,13),
(16,3,1,2,2,16),
(16,4,1,2,2,12),
(16,5,1,2,2,8),
(16,6,1,2,2,10),
(16,7,1,2,2,11),
(16,8,1,2,2,11),
(16,9,1,2,2,15),
(16,10,1,2,2,9),
(16,11,1,2,2,15),
(16,1,1,2,3,13),
(16,2,1,2,3,11),
(16,3,1,2,3,17),
(16,4,1,2,3,10),
(16,5,1,2,3,12),
(16,6,1,2,3,11),
(16,7,1,2,3,11),
(16,8,1,2,3,11),
(16,9,1,2,3,13),
(16,10,1,2,3,12),
(16,11,1,2,3,13),
(16,1,1,2,4,16),
(16,2,1,2,4,17),
(16,3,1,2,4,12),
(16,4,1,2,4,9),
(16,5,1,2,4,9),
(16,6,1,2,4,15),
(16,7,1,2,4,17),
(16,8,1,2,4,12),
(16,9,1,2,4,14),
(16,10,1,2,4,9),
(16,11,1,2,4,12),
(16,1,1,2,5,16),
(16,2,1,2,5,11),
(16,3,1,2,5,13),
(16,4,1,2,5,17),
(16,5,1,2,5,9),
(16,6,1,2,5,12),
(16,7,1,2,5,10),
(16,8,1,2,5,15),
(16,9,1,2,5,13),
(16,10,1,2,5,8),
(16,11,1,2,5,9),
(16,1,2,2,1,8),
(16,2,2,2,1,9),
(16,3,2,2,1,15),
(16,4,2,2,1,10),
(16,5,2,2,1,16),
(16,6,2,2,1,15),
(16,7,2,2,1,15),
(16,8,2,2,1,12),
(16,9,2,2,1,15),
(16,10,2,2,1,10),
(16,11,2,2,1,15),
(16,1,2,2,2,10),
(16,2,2,2,2,16),
(16,3,2,2,2,13),
(16,4,2,2,2,12),
(16,5,2,2,2,8),
(16,6,2,2,2,11),
(16,7,2,2,2,9),
(16,8,2,2,2,17),
(16,9,2,2,2,16),
(16,10,2,2,2,11),
(16,11,2,2,2,8),
(16,1,2,2,3,10),
(16,2,2,2,3,17),
(16,3,2,2,3,12),
(16,4,2,2,3,14),
(16,5,2,2,3,17),
(16,6,2,2,3,16),
(16,7,2,2,3,13),
(16,8,2,2,3,8),
(16,9,2,2,3,8),
(16,10,2,2,3,17),
(16,11,2,2,3,10),
(16,1,2,2,4,16),
(16,2,2,2,4,12),
(16,3,2,2,4,10),
(16,4,2,2,4,9),
(16,5,2,2,4,9),
(16,6,2,2,4,14),
(16,7,2,2,4,10),
(16,8,2,2,4,17),
(16,9,2,2,4,11),
(16,10,2,2,4,12),
(16,11,2,2,4,16),
(16,1,2,2,5,17),
(16,2,2,2,5,16),
(16,3,2,2,5,13),
(16,4,2,2,5,9),
(16,5,2,2,5,12),
(16,6,2,2,5,8),
(16,7,2,2,5,9),
(16,8,2,2,5,8),
(16,9,2,2,5,8),
(16,10,2,2,5,12),
(16,11,2,2,5,14),
(17,1,1,2,1,17),
(17,2,1,2,1,10),
(17,3,1,2,1,11),
(17,4,1,2,1,11),
(17,5,1,2,1,10),
(17,6,1,2,1,17),
(17,7,1,2,1,9),
(17,8,1,2,1,13),
(17,9,1,2,1,15),
(17,10,1,2,1,12),
(17,11,1,2,1,8),
(17,1,1,2,2,15),
(17,2,1,2,2,17),
(17,3,1,2,2,13),
(17,4,1,2,2,13),
(17,5,1,2,2,11),
(17,6,1,2,2,8),
(17,7,1,2,2,12),
(17,8,1,2,2,12),
(17,9,1,2,2,12),
(17,10,1,2,2,11),
(17,11,1,2,2,14),
(17,1,1,2,3,12),
(17,2,1,2,3,10),
(17,3,1,2,3,12),
(17,4,1,2,3,13),
(17,5,1,2,3,12),
(17,6,1,2,3,16),
(17,7,1,2,3,17),
(17,8,1,2,3,15),
(17,9,1,2,3,10),
(17,10,1,2,3,17),
(17,11,1,2,3,12),
(17,1,1,2,4,8),
(17,2,1,2,4,12),
(17,3,1,2,4,13),
(17,4,1,2,4,13),
(17,5,1,2,4,16),
(17,6,1,2,4,8),
(17,7,1,2,4,15),
(17,8,1,2,4,13),
(17,9,1,2,4,10),
(17,10,1,2,4,10),
(17,11,1,2,4,12),
(17,1,1,2,5,17),
(17,2,1,2,5,11),
(17,3,1,2,5,10),
(17,4,1,2,5,15),
(17,5,1,2,5,12),
(17,6,1,2,5,13),
(17,7,1,2,5,9),
(17,8,1,2,5,11),
(17,9,1,2,5,11),
(17,10,1,2,5,10),
(17,11,1,2,5,16),
(17,1,2,2,1,14),
(17,2,2,2,1,11),
(17,3,2,2,1,8),
(17,4,2,2,1,8),
(17,5,2,2,1,8),
(17,6,2,2,1,17),
(17,7,2,2,1,14),
(17,8,2,2,1,8),
(17,9,2,2,1,17),
(17,10,2,2,1,15),
(17,11,2,2,1,17),
(17,1,2,2,2,14),
(17,2,2,2,2,15),
(17,3,2,2,2,11),
(17,4,2,2,2,8),
(17,5,2,2,2,8),
(17,6,2,2,2,12),
(17,7,2,2,2,11),
(17,8,2,2,2,8),
(17,9,2,2,2,8),
(17,10,2,2,2,15),
(17,11,2,2,2,15),
(17,1,2,2,3,8),
(17,2,2,2,3,13),
(17,3,2,2,3,10),
(17,4,2,2,3,11),
(17,5,2,2,3,16),
(17,6,2,2,3,15),
(17,7,2,2,3,10),
(17,8,2,2,3,17),
(17,9,2,2,3,8),
(17,10,2,2,3,8),
(17,11,2,2,3,10),
(17,1,2,2,4,17),
(17,2,2,2,4,9),
(17,3,2,2,4,10),
(17,4,2,2,4,15),
(17,5,2,2,4,15),
(17,6,2,2,4,15),
(17,7,2,2,4,9),
(17,8,2,2,4,15),
(17,9,2,2,4,16),
(17,10,2,2,4,14),
(17,11,2,2,4,12),
(17,1,2,2,5,16),
(17,2,2,2,5,15),
(17,3,2,2,5,16),
(17,4,2,2,5,10),
(17,5,2,2,5,15),
(17,6,2,2,5,12),
(17,7,2,2,5,15),
(17,8,2,2,5,8),
(17,9,2,2,5,15),
(17,10,2,2,5,17),
(17,11,2,2,5,12),
(18,1,1,2,1,14),
(18,2,1,2,1,16),
(18,3,1,2,1,12),
(18,4,1,2,1,16),
(18,5,1,2,1,17),
(18,6,1,2,1,9),
(18,7,1,2,1,15),
(18,8,1,2,1,17),
(18,9,1,2,1,16),
(18,10,1,2,1,17),
(18,11,1,2,1,10),
(18,1,1,2,2,14),
(18,2,1,2,2,14),
(18,3,1,2,2,9),
(18,4,1,2,2,13),
(18,5,1,2,2,14),
(18,6,1,2,2,12),
(18,7,1,2,2,14),
(18,8,1,2,2,16),
(18,9,1,2,2,8),
(18,10,1,2,2,10),
(18,11,1,2,2,12),
(18,1,1,2,3,9),
(18,2,1,2,3,13),
(18,3,1,2,3,11),
(18,4,1,2,3,14),
(18,5,1,2,3,15),
(18,6,1,2,3,11),
(18,7,1,2,3,8),
(18,8,1,2,3,10),
(18,9,1,2,3,16),
(18,10,1,2,3,17),
(18,11,1,2,3,12),
(18,1,1,2,4,12),
(18,2,1,2,4,11),
(18,3,1,2,4,12),
(18,4,1,2,4,8),
(18,5,1,2,4,15),
(18,6,1,2,4,11),
(18,7,1,2,4,8),
(18,8,1,2,4,13),
(18,9,1,2,4,11),
(18,10,1,2,4,8),
(18,11,1,2,4,15),
(18,1,1,2,5,11),
(18,2,1,2,5,15),
(18,3,1,2,5,15),
(18,4,1,2,5,16),
(18,5,1,2,5,8),
(18,6,1,2,5,15),
(18,7,1,2,5,17),
(18,8,1,2,5,16),
(18,9,1,2,5,13),
(18,10,1,2,5,9),
(18,11,1,2,5,17),
(18,1,2,2,1,15),
(18,2,2,2,1,8),
(18,3,2,2,1,12),
(18,4,2,2,1,8),
(18,5,2,2,1,16),
(18,6,2,2,1,8),
(18,7,2,2,1,9),
(18,8,2,2,1,17),
(18,9,2,2,1,10),
(18,10,2,2,1,9),
(18,11,2,2,1,17),
(18,1,2,2,2,10),
(18,2,2,2,2,13),
(18,3,2,2,2,16),
(18,4,2,2,2,8),
(18,5,2,2,2,14),
(18,6,2,2,2,10),
(18,7,2,2,2,10),
(18,8,2,2,2,14),
(18,9,2,2,2,9),
(18,10,2,2,2,13),
(18,11,2,2,2,11),
(18,1,2,2,3,10),
(18,2,2,2,3,17),
(18,3,2,2,3,16),
(18,4,2,2,3,13),
(18,5,2,2,3,9),
(18,6,2,2,3,9),
(18,7,2,2,3,10),
(18,8,2,2,3,16),
(18,9,2,2,3,9),
(18,10,2,2,3,9),
(18,11,2,2,3,11),
(18,1,2,2,4,11),
(18,2,2,2,4,15),
(18,3,2,2,4,17),
(18,4,2,2,4,12),
(18,5,2,2,4,15),
(18,6,2,2,4,12),
(18,7,2,2,4,16),
(18,8,2,2,4,8),
(18,9,2,2,4,16),
(18,10,2,2,4,14),
(18,11,2,2,4,17),
(18,1,2,2,5,9),
(18,2,2,2,5,9),
(18,3,2,2,5,9),
(18,4,2,2,5,15),
(18,5,2,2,5,11),
(18,6,2,2,5,8),
(18,7,2,2,5,17),
(18,8,2,2,5,10),
(18,9,2,2,5,16),
(18,10,2,2,5,15),
(18,11,2,2,5,11),
(19,1,1,2,1,16),
(19,2,1,2,1,12),
(19,3,1,2,1,12),
(19,4,1,2,1,14),
(19,5,1,2,1,12),
(19,6,1,2,1,8),
(19,7,1,2,1,11),
(19,8,1,2,1,17),
(19,9,1,2,1,11),
(19,10,1,2,1,9),
(19,11,1,2,1,8),
(19,1,1,2,2,8),
(19,2,1,2,2,10),
(19,3,1,2,2,9),
(19,4,1,2,2,16),
(19,5,1,2,2,11),
(19,6,1,2,2,9),
(19,7,1,2,2,14),
(19,8,1,2,2,11),
(19,9,1,2,2,15),
(19,10,1,2,2,13),
(19,11,1,2,2,13),
(19,1,1,2,3,15),
(19,2,1,2,3,12),
(19,3,1,2,3,17),
(19,4,1,2,3,12),
(19,5,1,2,3,11),
(19,6,1,2,3,14),
(19,7,1,2,3,11),
(19,8,1,2,3,13),
(19,9,1,2,3,16),
(19,10,1,2,3,8),
(19,11,1,2,3,16),
(19,1,1,2,4,11),
(19,2,1,2,4,12),
(19,3,1,2,4,15),
(19,4,1,2,4,11),
(19,5,1,2,4,17),
(19,6,1,2,4,12),
(19,7,1,2,4,11),
(19,8,1,2,4,10),
(19,9,1,2,4,17),
(19,10,1,2,4,9),
(19,11,1,2,4,8),
(19,1,1,2,5,8),
(19,2,1,2,5,17),
(19,3,1,2,5,16),
(19,4,1,2,5,11),
(19,5,1,2,5,8),
(19,6,1,2,5,15),
(19,7,1,2,5,8),
(19,8,1,2,5,11),
(19,9,1,2,5,8),
(19,10,1,2,5,10),
(19,11,1,2,5,14),
(19,1,2,2,1,15),
(19,2,2,2,1,9),
(19,3,2,2,1,8),
(19,4,2,2,1,17),
(19,5,2,2,1,13),
(19,6,2,2,1,14),
(19,7,2,2,1,16),
(19,8,2,2,1,13),
(19,9,2,2,1,8),
(19,10,2,2,1,9),
(19,11,2,2,1,11),
(19,1,2,2,2,17),
(19,2,2,2,2,12),
(19,3,2,2,2,17),
(19,4,2,2,2,9),
(19,5,2,2,2,14),
(19,6,2,2,2,8),
(19,7,2,2,2,10),
(19,8,2,2,2,10),
(19,9,2,2,2,8),
(19,10,2,2,2,12),
(19,11,2,2,2,11),
(19,1,2,2,3,11),
(19,2,2,2,3,13),
(19,3,2,2,3,8),
(19,4,2,2,3,9),
(19,5,2,2,3,13),
(19,6,2,2,3,10),
(19,7,2,2,3,10),
(19,8,2,2,3,15),
(19,9,2,2,3,11),
(19,10,2,2,3,8),
(19,11,2,2,3,16),
(19,1,2,2,4,10),
(19,2,2,2,4,11),
(19,3,2,2,4,15),
(19,4,2,2,4,11),
(19,5,2,2,4,13),
(19,6,2,2,4,10),
(19,7,2,2,4,17),
(19,8,2,2,4,16),
(19,9,2,2,4,13),
(19,10,2,2,4,15),
(19,11,2,2,4,13),
(19,1,2,2,5,9),
(19,2,2,2,5,17),
(19,3,2,2,5,17),
(19,4,2,2,5,15),
(19,5,2,2,5,11),
(19,6,2,2,5,8),
(19,7,2,2,5,16),
(19,8,2,2,5,13),
(19,9,2,2,5,9),
(19,10,2,2,5,14),
(19,11,2,2,5,11),
(20,1,1,2,1,17),
(20,2,1,2,1,17),
(20,3,1,2,1,13),
(20,4,1,2,1,10),
(20,5,1,2,1,8),
(20,6,1,2,1,11),
(20,7,1,2,1,8),
(20,8,1,2,1,11),
(20,9,1,2,1,14),
(20,10,1,2,1,11),
(20,11,1,2,1,14),
(20,1,1,2,2,15),
(20,2,1,2,2,13),
(20,3,1,2,2,11),
(20,4,1,2,2,11),
(20,5,1,2,2,15),
(20,6,1,2,2,11),
(20,7,1,2,2,10),
(20,8,1,2,2,12),
(20,9,1,2,2,16),
(20,10,1,2,2,14),
(20,11,1,2,2,17),
(20,1,1,2,3,10),
(20,2,1,2,3,12),
(20,3,1,2,3,8),
(20,4,1,2,3,10),
(20,5,1,2,3,9),
(20,6,1,2,3,16),
(20,7,1,2,3,8),
(20,8,1,2,3,16),
(20,9,1,2,3,14),
(20,10,1,2,3,8),
(20,11,1,2,3,10),
(20,1,1,2,4,13),
(20,2,1,2,4,10),
(20,3,1,2,4,9),
(20,4,1,2,4,9),
(20,5,1,2,4,15),
(20,6,1,2,4,10),
(20,7,1,2,4,14),
(20,8,1,2,4,17),
(20,9,1,2,4,13),
(20,10,1,2,4,10),
(20,11,1,2,4,11),
(20,1,1,2,5,9),
(20,2,1,2,5,11),
(20,3,1,2,5,17),
(20,4,1,2,5,16),
(20,5,1,2,5,14),
(20,6,1,2,5,11),
(20,7,1,2,5,11),
(20,8,1,2,5,14),
(20,9,1,2,5,10),
(20,10,1,2,5,16),
(20,11,1,2,5,9),
(20,1,2,2,1,14),
(20,2,2,2,1,9),
(20,3,2,2,1,15),
(20,4,2,2,1,11),
(20,5,2,2,1,12),
(20,6,2,2,1,12),
(20,7,2,2,1,9),
(20,8,2,2,1,11),
(20,9,2,2,1,12),
(20,10,2,2,1,9),
(20,11,2,2,1,9),
(20,1,2,2,2,12),
(20,2,2,2,2,16),
(20,3,2,2,2,9),
(20,4,2,2,2,9),
(20,5,2,2,2,10),
(20,6,2,2,2,16),
(20,7,2,2,2,9),
(20,8,2,2,2,14),
(20,9,2,2,2,15),
(20,10,2,2,2,10),
(20,11,2,2,2,12),
(20,1,2,2,3,11),
(20,2,2,2,3,15),
(20,3,2,2,3,16),
(20,4,2,2,3,16),
(20,5,2,2,3,15),
(20,6,2,2,3,17),
(20,7,2,2,3,12),
(20,8,2,2,3,17),
(20,9,2,2,3,17),
(20,10,2,2,3,13),
(20,11,2,2,3,10),
(20,1,2,2,4,9),
(20,2,2,2,4,8),
(20,3,2,2,4,15),
(20,4,2,2,4,14),
(20,5,2,2,4,13),
(20,6,2,2,4,14),
(20,7,2,2,4,14),
(20,8,2,2,4,12),
(20,9,2,2,4,10),
(20,10,2,2,4,12),
(20,11,2,2,4,10),
(20,1,2,2,5,15),
(20,2,2,2,5,16),
(20,3,2,2,5,16),
(20,4,2,2,5,17),
(20,5,2,2,5,11),
(20,6,2,2,5,14),
(20,7,2,2,5,17),
(20,8,2,2,5,8),
(20,9,2,2,5,17),
(20,10,2,2,5,12),
(20,11,2,2,5,15),
(21,1,1,2,1,12),
(21,2,1,2,1,12),
(21,3,1,2,1,9),
(21,4,1,2,1,9),
(21,5,1,2,1,12),
(21,6,1,2,1,11),
(21,7,1,2,1,13),
(21,8,1,2,1,11),
(21,9,1,2,1,14),
(21,10,1,2,1,14),
(21,11,1,2,1,12),
(21,1,1,2,2,11),
(21,2,1,2,2,15),
(21,3,1,2,2,15),
(21,4,1,2,2,16),
(21,5,1,2,2,15),
(21,6,1,2,2,8),
(21,7,1,2,2,14),
(21,8,1,2,2,15),
(21,9,1,2,2,8),
(21,10,1,2,2,11),
(21,11,1,2,2,9),
(21,1,1,2,3,14),
(21,2,1,2,3,9),
(21,3,1,2,3,8),
(21,4,1,2,3,13),
(21,5,1,2,3,13),
(21,6,1,2,3,12),
(21,7,1,2,3,9),
(21,8,1,2,3,15),
(21,9,1,2,3,12),
(21,10,1,2,3,8),
(21,11,1,2,3,15),
(21,1,1,2,4,8),
(21,2,1,2,4,14),
(21,3,1,2,4,10),
(21,4,1,2,4,17),
(21,5,1,2,4,13),
(21,6,1,2,4,16),
(21,7,1,2,4,13),
(21,8,1,2,4,15),
(21,9,1,2,4,9),
(21,10,1,2,4,8),
(21,11,1,2,4,9),
(21,1,1,2,5,9),
(21,2,1,2,5,14),
(21,3,1,2,5,9),
(21,4,1,2,5,12),
(21,5,1,2,5,17),
(21,6,1,2,5,11),
(21,7,1,2,5,12),
(21,8,1,2,5,16),
(21,9,1,2,5,16),
(21,10,1,2,5,11),
(21,11,1,2,5,15),
(21,1,2,2,1,14),
(21,2,2,2,1,12),
(21,3,2,2,1,17),
(21,4,2,2,1,15),
(21,5,2,2,1,14),
(21,6,2,2,1,11),
(21,7,2,2,1,10),
(21,8,2,2,1,11),
(21,9,2,2,1,17),
(21,10,2,2,1,9),
(21,11,2,2,1,9),
(21,1,2,2,2,9),
(21,2,2,2,2,11),
(21,3,2,2,2,14),
(21,4,2,2,2,8),
(21,5,2,2,2,14),
(21,6,2,2,2,13),
(21,7,2,2,2,9),
(21,8,2,2,2,13),
(21,9,2,2,2,12),
(21,10,2,2,2,16),
(21,11,2,2,2,8),
(21,1,2,2,3,17),
(21,2,2,2,3,9),
(21,3,2,2,3,14),
(21,4,2,2,3,12),
(21,5,2,2,3,8),
(21,6,2,2,3,15),
(21,7,2,2,3,16),
(21,8,2,2,3,8),
(21,9,2,2,3,15),
(21,10,2,2,3,8),
(21,11,2,2,3,10),
(21,1,2,2,4,13),
(21,2,2,2,4,17),
(21,3,2,2,4,14),
(21,4,2,2,4,15),
(21,5,2,2,4,13),
(21,6,2,2,4,15),
(21,7,2,2,4,13),
(21,8,2,2,4,13),
(21,9,2,2,4,8),
(21,10,2,2,4,16),
(21,11,2,2,4,9),
(21,1,2,2,5,17),
(21,2,2,2,5,8),
(21,3,2,2,5,11),
(21,4,2,2,5,17),
(21,5,2,2,5,16),
(21,6,2,2,5,9),
(21,7,2,2,5,15),
(21,8,2,2,5,10),
(21,9,2,2,5,15),
(21,10,2,2,5,11),
(21,11,2,2,5,11),
(22,1,1,2,1,13),
(22,2,1,2,1,17),
(22,3,1,2,1,14),
(22,4,1,2,1,17),
(22,5,1,2,1,9),
(22,6,1,2,1,8),
(22,7,1,2,1,9),
(22,8,1,2,1,10),
(22,9,1,2,1,11),
(22,10,1,2,1,9),
(22,11,1,2,1,11),
(22,1,1,2,2,14),
(22,2,1,2,2,8),
(22,3,1,2,2,11),
(22,4,1,2,2,13),
(22,5,1,2,2,17),
(22,6,1,2,2,12),
(22,7,1,2,2,11),
(22,8,1,2,2,8),
(22,9,1,2,2,10),
(22,10,1,2,2,14),
(22,11,1,2,2,15),
(22,1,1,2,3,12),
(22,2,1,2,3,12),
(22,3,1,2,3,8),
(22,4,1,2,3,17),
(22,5,1,2,3,17),
(22,6,1,2,3,12),
(22,7,1,2,3,12),
(22,8,1,2,3,10),
(22,9,1,2,3,8),
(22,10,1,2,3,15),
(22,11,1,2,3,10),
(22,1,1,2,4,8),
(22,2,1,2,4,13),
(22,3,1,2,4,13),
(22,4,1,2,4,8),
(22,5,1,2,4,10),
(22,6,1,2,4,9),
(22,7,1,2,4,14),
(22,8,1,2,4,14),
(22,9,1,2,4,13),
(22,10,1,2,4,10),
(22,11,1,2,4,12),
(22,1,1,2,5,9),
(22,2,1,2,5,10),
(22,3,1,2,5,8),
(22,4,1,2,5,12),
(22,5,1,2,5,17),
(22,6,1,2,5,15),
(22,7,1,2,5,15),
(22,8,1,2,5,17),
(22,9,1,2,5,12),
(22,10,1,2,5,10),
(22,11,1,2,5,17),
(22,1,2,2,1,13),
(22,2,2,2,1,17),
(22,3,2,2,1,11),
(22,4,2,2,1,12),
(22,5,2,2,1,8),
(22,6,2,2,1,14),
(22,7,2,2,1,16),
(22,8,2,2,1,17),
(22,9,2,2,1,10),
(22,10,2,2,1,17),
(22,11,2,2,1,8),
(22,1,2,2,2,15),
(22,2,2,2,2,13),
(22,3,2,2,2,13),
(22,4,2,2,2,8),
(22,5,2,2,2,13),
(22,6,2,2,2,17),
(22,7,2,2,2,16),
(22,8,2,2,2,9),
(22,9,2,2,2,14),
(22,10,2,2,2,13),
(22,11,2,2,2,13),
(22,1,2,2,3,16),
(22,2,2,2,3,15),
(22,3,2,2,3,12),
(22,4,2,2,3,11),
(22,5,2,2,3,15),
(22,6,2,2,3,15),
(22,7,2,2,3,13),
(22,8,2,2,3,12),
(22,9,2,2,3,15),
(22,10,2,2,3,10),
(22,11,2,2,3,10),
(22,1,2,2,4,9),
(22,2,2,2,4,14),
(22,3,2,2,4,8),
(22,4,2,2,4,14),
(22,5,2,2,4,10),
(22,6,2,2,4,11),
(22,7,2,2,4,16),
(22,8,2,2,4,12),
(22,9,2,2,4,9),
(22,10,2,2,4,13),
(22,11,2,2,4,12),
(22,1,2,2,5,10),
(22,2,2,2,5,12),
(22,3,2,2,5,12),
(22,4,2,2,5,16),
(22,5,2,2,5,8),
(22,6,2,2,5,12),
(22,7,2,2,5,12),
(22,8,2,2,5,17),
(22,9,2,2,5,17),
(22,10,2,2,5,13),
(22,11,2,2,5,13),
(23,1,1,2,1,11),
(23,2,1,2,1,15),
(23,3,1,2,1,13),
(23,4,1,2,1,13),
(23,5,1,2,1,13),
(23,6,1,2,1,8),
(23,7,1,2,1,17),
(23,8,1,2,1,8),
(23,9,1,2,1,13),
(23,10,1,2,1,10),
(23,11,1,2,1,15),
(23,1,1,2,2,8),
(23,2,1,2,2,11),
(23,3,1,2,2,13),
(23,4,1,2,2,9),
(23,5,1,2,2,12),
(23,6,1,2,2,13),
(23,7,1,2,2,16),
(23,8,1,2,2,14),
(23,9,1,2,2,12),
(23,10,1,2,2,13),
(23,11,1,2,2,13),
(23,1,1,2,3,12),
(23,2,1,2,3,9),
(23,3,1,2,3,10),
(23,4,1,2,3,15),
(23,5,1,2,3,9),
(23,6,1,2,3,11),
(23,7,1,2,3,13),
(23,8,1,2,3,12),
(23,9,1,2,3,16),
(23,10,1,2,3,17),
(23,11,1,2,3,9),
(23,1,1,2,4,12),
(23,2,1,2,4,11),
(23,3,1,2,4,8),
(23,4,1,2,4,9),
(23,5,1,2,4,8),
(23,6,1,2,4,11),
(23,7,1,2,4,12),
(23,8,1,2,4,12),
(23,9,1,2,4,13),
(23,10,1,2,4,16),
(23,11,1,2,4,8),
(23,1,1,2,5,12),
(23,2,1,2,5,11),
(23,3,1,2,5,12),
(23,4,1,2,5,9),
(23,5,1,2,5,15),
(23,6,1,2,5,15),
(23,7,1,2,5,11),
(23,8,1,2,5,15),
(23,9,1,2,5,9),
(23,10,1,2,5,8),
(23,11,1,2,5,8),
(23,1,2,2,1,10),
(23,2,2,2,1,9),
(23,3,2,2,1,13),
(23,4,2,2,1,17),
(23,5,2,2,1,8),
(23,6,2,2,1,16),
(23,7,2,2,1,10),
(23,8,2,2,1,11),
(23,9,2,2,1,10),
(23,10,2,2,1,12),
(23,11,2,2,1,8),
(23,1,2,2,2,15),
(23,2,2,2,2,17),
(23,3,2,2,2,12),
(23,4,2,2,2,12),
(23,5,2,2,2,10),
(23,6,2,2,2,17),
(23,7,2,2,2,15),
(23,8,2,2,2,15),
(23,9,2,2,2,11),
(23,10,2,2,2,8),
(23,11,2,2,2,9),
(23,1,2,2,3,9),
(23,2,2,2,3,11),
(23,3,2,2,3,9),
(23,4,2,2,3,8),
(23,5,2,2,3,9),
(23,6,2,2,3,11),
(23,7,2,2,3,16),
(23,8,2,2,3,13),
(23,9,2,2,3,11),
(23,10,2,2,3,11),
(23,11,2,2,3,14),
(23,1,2,2,4,12),
(23,2,2,2,4,13),
(23,3,2,2,4,17),
(23,4,2,2,4,15),
(23,5,2,2,4,13),
(23,6,2,2,4,15),
(23,7,2,2,4,8),
(23,8,2,2,4,14),
(23,9,2,2,4,9),
(23,10,2,2,4,14),
(23,11,2,2,4,16),
(23,1,2,2,5,12),
(23,2,2,2,5,13),
(23,3,2,2,5,8),
(23,4,2,2,5,11),
(23,5,2,2,5,13),
(23,6,2,2,5,16),
(23,7,2,2,5,10),
(23,8,2,2,5,13),
(23,9,2,2,5,14),
(23,10,2,2,5,15),
(23,11,2,2,5,14),
(24,1,1,2,1,14),
(24,2,1,2,1,11),
(24,3,1,2,1,9),
(24,4,1,2,1,9),
(24,5,1,2,1,13),
(24,6,1,2,1,13),
(24,7,1,2,1,9),
(24,8,1,2,1,16),
(24,9,1,2,1,12),
(24,10,1,2,1,12),
(24,11,1,2,1,11),
(24,1,1,2,2,10),
(24,2,1,2,2,16),
(24,3,1,2,2,8),
(24,4,1,2,2,14),
(24,5,1,2,2,12),
(24,6,1,2,2,17),
(24,7,1,2,2,9),
(24,8,1,2,2,12),
(24,9,1,2,2,12),
(24,10,1,2,2,11),
(24,11,1,2,2,16),
(24,1,1,2,3,14),
(24,2,1,2,3,13),
(24,3,1,2,3,9),
(24,4,1,2,3,16),
(24,5,1,2,3,15),
(24,6,1,2,3,13),
(24,7,1,2,3,10),
(24,8,1,2,3,14),
(24,9,1,2,3,8),
(24,10,1,2,3,15),
(24,11,1,2,3,9),
(24,1,1,2,4,14),
(24,2,1,2,4,15),
(24,3,1,2,4,8),
(24,4,1,2,4,17),
(24,5,1,2,4,16),
(24,6,1,2,4,17),
(24,7,1,2,4,11),
(24,8,1,2,4,13),
(24,9,1,2,4,11),
(24,10,1,2,4,14),
(24,11,1,2,4,14),
(24,1,1,2,5,10),
(24,2,1,2,5,9),
(24,3,1,2,5,17),
(24,4,1,2,5,16),
(24,5,1,2,5,15),
(24,6,1,2,5,12),
(24,7,1,2,5,14),
(24,8,1,2,5,11),
(24,9,1,2,5,12),
(24,10,1,2,5,12),
(24,11,1,2,5,8),
(24,1,2,2,1,8),
(24,2,2,2,1,9),
(24,3,2,2,1,16),
(24,4,2,2,1,13),
(24,5,2,2,1,13),
(24,6,2,2,1,17),
(24,7,2,2,1,10),
(24,8,2,2,1,12),
(24,9,2,2,1,16),
(24,10,2,2,1,17),
(24,11,2,2,1,15),
(24,1,2,2,2,15),
(24,2,2,2,2,13),
(24,3,2,2,2,13),
(24,4,2,2,2,17),
(24,5,2,2,2,17),
(24,6,2,2,2,9),
(24,7,2,2,2,14),
(24,8,2,2,2,17),
(24,9,2,2,2,11),
(24,10,2,2,2,17),
(24,11,2,2,2,10),
(24,1,2,2,3,14),
(24,2,2,2,3,9),
(24,3,2,2,3,17),
(24,4,2,2,3,12),
(24,5,2,2,3,11),
(24,6,2,2,3,14),
(24,7,2,2,3,12),
(24,8,2,2,3,16),
(24,9,2,2,3,17),
(24,10,2,2,3,13),
(24,11,2,2,3,15),
(24,1,2,2,4,12),
(24,2,2,2,4,9),
(24,3,2,2,4,15),
(24,4,2,2,4,14),
(24,5,2,2,4,15),
(24,6,2,2,4,12),
(24,7,2,2,4,9),
(24,8,2,2,4,16),
(24,9,2,2,4,11),
(24,10,2,2,4,17),
(24,11,2,2,4,10),
(24,1,2,2,5,11),
(24,2,2,2,5,11),
(24,3,2,2,5,17),
(24,4,2,2,5,11),
(24,5,2,2,5,10),
(24,6,2,2,5,15),
(24,7,2,2,5,14),
(24,8,2,2,5,15),
(24,9,2,2,5,15),
(24,10,2,2,5,17),
(24,11,2,2,5,16),
(25,1,1,2,1,11),
(25,2,1,2,1,17),
(25,3,1,2,1,16),
(25,4,1,2,1,14),
(25,5,1,2,1,9),
(25,6,1,2,1,8),
(25,7,1,2,1,17),
(25,8,1,2,1,16),
(25,9,1,2,1,9),
(25,10,1,2,1,17),
(25,11,1,2,1,10),
(25,1,1,2,2,8),
(25,2,1,2,2,17),
(25,3,1,2,2,12),
(25,4,1,2,2,15),
(25,5,1,2,2,12),
(25,6,1,2,2,11),
(25,7,1,2,2,10),
(25,8,1,2,2,13),
(25,9,1,2,2,11),
(25,10,1,2,2,14),
(25,11,1,2,2,16),
(25,1,1,2,3,12),
(25,2,1,2,3,13),
(25,3,1,2,3,15),
(25,4,1,2,3,11),
(25,5,1,2,3,16),
(25,6,1,2,3,14),
(25,7,1,2,3,13),
(25,8,1,2,3,14),
(25,9,1,2,3,11),
(25,10,1,2,3,15),
(25,11,1,2,3,14),
(25,1,1,2,4,15),
(25,2,1,2,4,17),
(25,3,1,2,4,8),
(25,4,1,2,4,10),
(25,5,1,2,4,17),
(25,6,1,2,4,9),
(25,7,1,2,4,15),
(25,8,1,2,4,15),
(25,9,1,2,4,16),
(25,10,1,2,4,11),
(25,11,1,2,4,9),
(25,1,1,2,5,9),
(25,2,1,2,5,12),
(25,3,1,2,5,11),
(25,4,1,2,5,12),
(25,5,1,2,5,11),
(25,6,1,2,5,15),
(25,7,1,2,5,10),
(25,8,1,2,5,11),
(25,9,1,2,5,14),
(25,10,1,2,5,10),
(25,11,1,2,5,9),
(25,1,2,2,1,12),
(25,2,2,2,1,17),
(25,3,2,2,1,17),
(25,4,2,2,1,15),
(25,5,2,2,1,13),
(25,6,2,2,1,12),
(25,7,2,2,1,14),
(25,8,2,2,1,8),
(25,9,2,2,1,11),
(25,10,2,2,1,15),
(25,11,2,2,1,15),
(25,1,2,2,2,16),
(25,2,2,2,2,14),
(25,3,2,2,2,16),
(25,4,2,2,2,15),
(25,5,2,2,2,16),
(25,6,2,2,2,10),
(25,7,2,2,2,13),
(25,8,2,2,2,10),
(25,9,2,2,2,8),
(25,10,2,2,2,12),
(25,11,2,2,2,12),
(25,1,2,2,3,14),
(25,2,2,2,3,13),
(25,3,2,2,3,10),
(25,4,2,2,3,14),
(25,5,2,2,3,8),
(25,6,2,2,3,9),
(25,7,2,2,3,9),
(25,8,2,2,3,14),
(25,9,2,2,3,14),
(25,10,2,2,3,14),
(25,11,2,2,3,8),
(25,1,2,2,4,10),
(25,2,2,2,4,13),
(25,3,2,2,4,10),
(25,4,2,2,4,13),
(25,5,2,2,4,12),
(25,6,2,2,4,13),
(25,7,2,2,4,11),
(25,8,2,2,4,14),
(25,9,2,2,4,12),
(25,10,2,2,4,14),
(25,11,2,2,4,16),
(25,1,2,2,5,8),
(25,2,2,2,5,12),
(25,3,2,2,5,16),
(25,4,2,2,5,13),
(25,5,2,2,5,10),
(25,6,2,2,5,11),
(25,7,2,2,5,14),
(25,8,2,2,5,15),
(25,9,2,2,5,13),
(25,10,2,2,5,15),
(25,11,2,2,5,15),
(26,1,1,2,1,16),
(26,2,1,2,1,14),
(26,3,1,2,1,9),
(26,4,1,2,1,16),
(26,5,1,2,1,17),
(26,6,1,2,1,13),
(26,7,1,2,1,16),
(26,8,1,2,1,9),
(26,9,1,2,1,8),
(26,10,1,2,1,9),
(26,11,1,2,1,13),
(26,1,1,2,2,15),
(26,2,1,2,2,17),
(26,3,1,2,2,14),
(26,4,1,2,2,12),
(26,5,1,2,2,17),
(26,6,1,2,2,9),
(26,7,1,2,2,9),
(26,8,1,2,2,10),
(26,9,1,2,2,8),
(26,10,1,2,2,14),
(26,11,1,2,2,11),
(26,1,1,2,3,16),
(26,2,1,2,3,14),
(26,3,1,2,3,9),
(26,4,1,2,3,12),
(26,5,1,2,3,12),
(26,6,1,2,3,12),
(26,7,1,2,3,17),
(26,8,1,2,3,17),
(26,9,1,2,3,12),
(26,10,1,2,3,8),
(26,11,1,2,3,12),
(26,1,1,2,4,8),
(26,2,1,2,4,16),
(26,3,1,2,4,17),
(26,4,1,2,4,14),
(26,5,1,2,4,17),
(26,6,1,2,4,15),
(26,7,1,2,4,16),
(26,8,1,2,4,17),
(26,9,1,2,4,13),
(26,10,1,2,4,14),
(26,11,1,2,4,11),
(26,1,1,2,5,12),
(26,2,1,2,5,12),
(26,3,1,2,5,17),
(26,4,1,2,5,17),
(26,5,1,2,5,12),
(26,6,1,2,5,13),
(26,7,1,2,5,13),
(26,8,1,2,5,17),
(26,9,1,2,5,12),
(26,10,1,2,5,12),
(26,11,1,2,5,9),
(26,1,2,2,1,12),
(26,2,2,2,1,9),
(26,3,2,2,1,14),
(26,4,2,2,1,14),
(26,5,2,2,1,14),
(26,6,2,2,1,15),
(26,7,2,2,1,13),
(26,8,2,2,1,9),
(26,9,2,2,1,13),
(26,10,2,2,1,15),
(26,11,2,2,1,9),
(26,1,2,2,2,11),
(26,2,2,2,2,9),
(26,3,2,2,2,14),
(26,4,2,2,2,10),
(26,5,2,2,2,13),
(26,6,2,2,2,12),
(26,7,2,2,2,9),
(26,8,2,2,2,9),
(26,9,2,2,2,8),
(26,10,2,2,2,12),
(26,11,2,2,2,11),
(26,1,2,2,3,14),
(26,2,2,2,3,13),
(26,3,2,2,3,12),
(26,4,2,2,3,15),
(26,5,2,2,3,8),
(26,6,2,2,3,15),
(26,7,2,2,3,13),
(26,8,2,2,3,13),
(26,9,2,2,3,8),
(26,10,2,2,3,17),
(26,11,2,2,3,16),
(26,1,2,2,4,16),
(26,2,2,2,4,13),
(26,3,2,2,4,15),
(26,4,2,2,4,15),
(26,5,2,2,4,13),
(26,6,2,2,4,11),
(26,7,2,2,4,17),
(26,8,2,2,4,17),
(26,9,2,2,4,9),
(26,10,2,2,4,10),
(26,11,2,2,4,17),
(26,1,2,2,5,12),
(26,2,2,2,5,12),
(26,3,2,2,5,14),
(26,4,2,2,5,12),
(26,5,2,2,5,14),
(26,6,2,2,5,15),
(26,7,2,2,5,9),
(26,8,2,2,5,14),
(26,9,2,2,5,11),
(26,10,2,2,5,17),
(26,11,2,2,5,17),
(27,1,1,2,1,12),
(27,2,1,2,1,11),
(27,3,1,2,1,11),
(27,4,1,2,1,11),
(27,5,1,2,1,13),
(27,6,1,2,1,15),
(27,7,1,2,1,10),
(27,8,1,2,1,16),
(27,9,1,2,1,17),
(27,10,1,2,1,17),
(27,11,1,2,1,13),
(27,1,1,2,2,14),
(27,2,1,2,2,11),
(27,3,1,2,2,17),
(27,4,1,2,2,15),
(27,5,1,2,2,15),
(27,6,1,2,2,10),
(27,7,1,2,2,17),
(27,8,1,2,2,13),
(27,9,1,2,2,10),
(27,10,1,2,2,15),
(27,11,1,2,2,10),
(27,1,1,2,3,13),
(27,2,1,2,3,9),
(27,3,1,2,3,15),
(27,4,1,2,3,14),
(27,5,1,2,3,16),
(27,6,1,2,3,11),
(27,7,1,2,3,10),
(27,8,1,2,3,17),
(27,9,1,2,3,17),
(27,10,1,2,3,17),
(27,11,1,2,3,14),
(27,1,1,2,4,8),
(27,2,1,2,4,11),
(27,3,1,2,4,16),
(27,4,1,2,4,17),
(27,5,1,2,4,15),
(27,6,1,2,4,14),
(27,7,1,2,4,9),
(27,8,1,2,4,13),
(27,9,1,2,4,12),
(27,10,1,2,4,11),
(27,11,1,2,4,10),
(27,1,1,2,5,16),
(27,2,1,2,5,14),
(27,3,1,2,5,9),
(27,4,1,2,5,10),
(27,5,1,2,5,13),
(27,6,1,2,5,11),
(27,7,1,2,5,8),
(27,8,1,2,5,16),
(27,9,1,2,5,8),
(27,10,1,2,5,12),
(27,11,1,2,5,13),
(27,1,2,2,1,8),
(27,2,2,2,1,14),
(27,3,2,2,1,8),
(27,4,2,2,1,16),
(27,5,2,2,1,11),
(27,6,2,2,1,9),
(27,7,2,2,1,10),
(27,8,2,2,1,15),
(27,9,2,2,1,11),
(27,10,2,2,1,16),
(27,11,2,2,1,11),
(27,1,2,2,2,12),
(27,2,2,2,2,10),
(27,3,2,2,2,11),
(27,4,2,2,2,15),
(27,5,2,2,2,14),
(27,6,2,2,2,12),
(27,7,2,2,2,10),
(27,8,2,2,2,12),
(27,9,2,2,2,8),
(27,10,2,2,2,9),
(27,11,2,2,2,13),
(27,1,2,2,3,16),
(27,2,2,2,3,14),
(27,3,2,2,3,17),
(27,4,2,2,3,16),
(27,5,2,2,3,15),
(27,6,2,2,3,10),
(27,7,2,2,3,8),
(27,8,2,2,3,15),
(27,9,2,2,3,8),
(27,10,2,2,3,16),
(27,11,2,2,3,13),
(27,1,2,2,4,9),
(27,2,2,2,4,14),
(27,3,2,2,4,17),
(27,4,2,2,4,10),
(27,5,2,2,4,17),
(27,6,2,2,4,17),
(27,7,2,2,4,13),
(27,8,2,2,4,15),
(27,9,2,2,4,12),
(27,10,2,2,4,8),
(27,11,2,2,4,8),
(27,1,2,2,5,8),
(27,2,2,2,5,14),
(27,3,2,2,5,9),
(27,4,2,2,5,17),
(27,5,2,2,5,11),
(27,6,2,2,5,9),
(27,7,2,2,5,11),
(27,8,2,2,5,11),
(27,9,2,2,5,8),
(27,10,2,2,5,10),
(27,11,2,2,5,14),
(28,1,1,2,1,17),
(28,2,1,2,1,8),
(28,3,1,2,1,11),
(28,4,1,2,1,9),
(28,5,1,2,1,10),
(28,6,1,2,1,8),
(28,7,1,2,1,17),
(28,8,1,2,1,15),
(28,9,1,2,1,8),
(28,10,1,2,1,17),
(28,11,1,2,1,11),
(28,1,1,2,2,10),
(28,2,1,2,2,8),
(28,3,1,2,2,8),
(28,4,1,2,2,11),
(28,5,1,2,2,16),
(28,6,1,2,2,11),
(28,7,1,2,2,11),
(28,8,1,2,2,9),
(28,9,1,2,2,11),
(28,10,1,2,2,8),
(28,11,1,2,2,17),
(28,1,1,2,3,14),
(28,2,1,2,3,9),
(28,3,1,2,3,14),
(28,4,1,2,3,12),
(28,5,1,2,3,12),
(28,6,1,2,3,9),
(28,7,1,2,3,15),
(28,8,1,2,3,8),
(28,9,1,2,3,9),
(28,10,1,2,3,9),
(28,11,1,2,3,14),
(28,1,1,2,4,9),
(28,2,1,2,4,13),
(28,3,1,2,4,17),
(28,4,1,2,4,11),
(28,5,1,2,4,9),
(28,6,1,2,4,17),
(28,7,1,2,4,12),
(28,8,1,2,4,9),
(28,9,1,2,4,9),
(28,10,1,2,4,16),
(28,11,1,2,4,9),
(28,1,1,2,5,13),
(28,2,1,2,5,11),
(28,3,1,2,5,16),
(28,4,1,2,5,16),
(28,5,1,2,5,10),
(28,6,1,2,5,10),
(28,7,1,2,5,12),
(28,8,1,2,5,15),
(28,9,1,2,5,16),
(28,10,1,2,5,11),
(28,11,1,2,5,13),
(28,1,2,2,1,11),
(28,2,2,2,1,13),
(28,3,2,2,1,8),
(28,4,2,2,1,13),
(28,5,2,2,1,16),
(28,6,2,2,1,12),
(28,7,2,2,1,16),
(28,8,2,2,1,11),
(28,9,2,2,1,8),
(28,10,2,2,1,8),
(28,11,2,2,1,13),
(28,1,2,2,2,13),
(28,2,2,2,2,8),
(28,3,2,2,2,17),
(28,4,2,2,2,14),
(28,5,2,2,2,12),
(28,6,2,2,2,15),
(28,7,2,2,2,9),
(28,8,2,2,2,9),
(28,9,2,2,2,12),
(28,10,2,2,2,8),
(28,11,2,2,2,15),
(28,1,2,2,3,15),
(28,2,2,2,3,10),
(28,3,2,2,3,8),
(28,4,2,2,3,10),
(28,5,2,2,3,13),
(28,6,2,2,3,15),
(28,7,2,2,3,10),
(28,8,2,2,3,14),
(28,9,2,2,3,10),
(28,10,2,2,3,16),
(28,11,2,2,3,17),
(28,1,2,2,4,11),
(28,2,2,2,4,10),
(28,3,2,2,4,17),
(28,4,2,2,4,10),
(28,5,2,2,4,13),
(28,6,2,2,4,13),
(28,7,2,2,4,13),
(28,8,2,2,4,16),
(28,9,2,2,4,9),
(28,10,2,2,4,16),
(28,11,2,2,4,11),
(28,1,2,2,5,12),
(28,2,2,2,5,15),
(28,3,2,2,5,11),
(28,4,2,2,5,10),
(28,5,2,2,5,17),
(28,6,2,2,5,10),
(28,7,2,2,5,13),
(28,8,2,2,5,8),
(28,9,2,2,5,12),
(28,10,2,2,5,15),
(28,11,2,2,5,11),
(29,1,1,2,1,13),
(29,2,1,2,1,17),
(29,3,1,2,1,14),
(29,4,1,2,1,16),
(29,5,1,2,1,14),
(29,6,1,2,1,9),
(29,7,1,2,1,12),
(29,8,1,2,1,9),
(29,9,1,2,1,16),
(29,10,1,2,1,16),
(29,11,1,2,1,14),
(29,1,1,2,2,12),
(29,2,1,2,2,12),
(29,3,1,2,2,9),
(29,4,1,2,2,8),
(29,5,1,2,2,8),
(29,6,1,2,2,8),
(29,7,1,2,2,8),
(29,8,1,2,2,9),
(29,9,1,2,2,11),
(29,10,1,2,2,14),
(29,11,1,2,2,16),
(29,1,1,2,3,8),
(29,2,1,2,3,12),
(29,3,1,2,3,12),
(29,4,1,2,3,16),
(29,5,1,2,3,13),
(29,6,1,2,3,16),
(29,7,1,2,3,13),
(29,8,1,2,3,14),
(29,9,1,2,3,8),
(29,10,1,2,3,15),
(29,11,1,2,3,11),
(29,1,1,2,4,15),
(29,2,1,2,4,9),
(29,3,1,2,4,12),
(29,4,1,2,4,12),
(29,5,1,2,4,17),
(29,6,1,2,4,13),
(29,7,1,2,4,12),
(29,8,1,2,4,14),
(29,9,1,2,4,14),
(29,10,1,2,4,9),
(29,11,1,2,4,16),
(29,1,1,2,5,13),
(29,2,1,2,5,15),
(29,3,1,2,5,12),
(29,4,1,2,5,10),
(29,5,1,2,5,9),
(29,6,1,2,5,15),
(29,7,1,2,5,17),
(29,8,1,2,5,17),
(29,9,1,2,5,17),
(29,10,1,2,5,17),
(29,11,1,2,5,9),
(29,1,2,2,1,9),
(29,2,2,2,1,17),
(29,3,2,2,1,12),
(29,4,2,2,1,11),
(29,5,2,2,1,17),
(29,6,2,2,1,11),
(29,7,2,2,1,16),
(29,8,2,2,1,9),
(29,9,2,2,1,10),
(29,10,2,2,1,8),
(29,11,2,2,1,14),
(29,1,2,2,2,17),
(29,2,2,2,2,10),
(29,3,2,2,2,13),
(29,4,2,2,2,8),
(29,5,2,2,2,14),
(29,6,2,2,2,9),
(29,7,2,2,2,10),
(29,8,2,2,2,10),
(29,9,2,2,2,8),
(29,10,2,2,2,8),
(29,11,2,2,2,14),
(29,1,2,2,3,11),
(29,2,2,2,3,11),
(29,3,2,2,3,11),
(29,4,2,2,3,12),
(29,5,2,2,3,8),
(29,6,2,2,3,9),
(29,7,2,2,3,17),
(29,8,2,2,3,17),
(29,9,2,2,3,14),
(29,10,2,2,3,16),
(29,11,2,2,3,11),
(29,1,2,2,4,12),
(29,2,2,2,4,11),
(29,3,2,2,4,17),
(29,4,2,2,4,17),
(29,5,2,2,4,17),
(29,6,2,2,4,8),
(29,7,2,2,4,11),
(29,8,2,2,4,13),
(29,9,2,2,4,14),
(29,10,2,2,4,14),
(29,11,2,2,4,17),
(29,1,2,2,5,11),
(29,2,2,2,5,17),
(29,3,2,2,5,16),
(29,4,2,2,5,9),
(29,5,2,2,5,9),
(29,6,2,2,5,15),
(29,7,2,2,5,16),
(29,8,2,2,5,12),
(29,9,2,2,5,8),
(29,10,2,2,5,14),
(29,11,2,2,5,16),
(30,1,1,2,1,11),
(30,2,1,2,1,11),
(30,3,1,2,1,13),
(30,4,1,2,1,13),
(30,5,1,2,1,17),
(30,6,1,2,1,16),
(30,7,1,2,1,16),
(30,8,1,2,1,9),
(30,9,1,2,1,17),
(30,10,1,2,1,11),
(30,11,1,2,1,13),
(30,1,1,2,2,17),
(30,2,1,2,2,8),
(30,3,1,2,2,16),
(30,4,1,2,2,15),
(30,5,1,2,2,8),
(30,6,1,2,2,11),
(30,7,1,2,2,9),
(30,8,1,2,2,16),
(30,9,1,2,2,17),
(30,10,1,2,2,14),
(30,11,1,2,2,11),
(30,1,1,2,3,11),
(30,2,1,2,3,13),
(30,3,1,2,3,8),
(30,4,1,2,3,13),
(30,5,1,2,3,15),
(30,6,1,2,3,10),
(30,7,1,2,3,14),
(30,8,1,2,3,8),
(30,9,1,2,3,13),
(30,10,1,2,3,13),
(30,11,1,2,3,16),
(30,1,1,2,4,17),
(30,2,1,2,4,11),
(30,3,1,2,4,8),
(30,4,1,2,4,13),
(30,5,1,2,4,9),
(30,6,1,2,4,12),
(30,7,1,2,4,14),
(30,8,1,2,4,14),
(30,9,1,2,4,9),
(30,10,1,2,4,15),
(30,11,1,2,4,17),
(30,1,1,2,5,16),
(30,2,1,2,5,12),
(30,3,1,2,5,16),
(30,4,1,2,5,15),
(30,5,1,2,5,15),
(30,6,1,2,5,17),
(30,7,1,2,5,14),
(30,8,1,2,5,12),
(30,9,1,2,5,9),
(30,10,1,2,5,17),
(30,11,1,2,5,8),
(30,1,2,2,1,17),
(30,2,2,2,1,14),
(30,3,2,2,1,16),
(30,4,2,2,1,15),
(30,5,2,2,1,10),
(30,6,2,2,1,17),
(30,7,2,2,1,16),
(30,8,2,2,1,8),
(30,9,2,2,1,11),
(30,10,2,2,1,15),
(30,11,2,2,1,17),
(30,1,2,2,2,15),
(30,2,2,2,2,16),
(30,3,2,2,2,10),
(30,4,2,2,2,11),
(30,5,2,2,2,17),
(30,6,2,2,2,15),
(30,7,2,2,2,16),
(30,8,2,2,2,11),
(30,9,2,2,2,11),
(30,10,2,2,2,12),
(30,11,2,2,2,12),
(30,1,2,2,3,11),
(30,2,2,2,3,10),
(30,3,2,2,3,16),
(30,4,2,2,3,17),
(30,5,2,2,3,12),
(30,6,2,2,3,9),
(30,7,2,2,3,11),
(30,8,2,2,3,12),
(30,9,2,2,3,15),
(30,10,2,2,3,16),
(30,11,2,2,3,12),
(30,1,2,2,4,10),
(30,2,2,2,4,15),
(30,3,2,2,4,8),
(30,4,2,2,4,8),
(30,5,2,2,4,16),
(30,6,2,2,4,15),
(30,7,2,2,4,15),
(30,8,2,2,4,14),
(30,9,2,2,4,11),
(30,10,2,2,4,9),
(30,11,2,2,4,15),
(30,1,2,2,5,10),
(30,2,2,2,5,9),
(30,3,2,2,5,15),
(30,4,2,2,5,15),
(30,5,2,2,5,11),
(30,6,2,2,5,8),
(30,7,2,2,5,10),
(30,8,2,2,5,17),
(30,9,2,2,5,9),
(30,10,2,2,5,8),
(30,11,2,2,5,16),
(31,1,1,2,1,9),
(31,2,1,2,1,12),
(31,3,1,2,1,17),
(31,4,1,2,1,9),
(31,5,1,2,1,12),
(31,6,1,2,1,8),
(31,7,1,2,1,9),
(31,8,1,2,1,14),
(31,9,1,2,1,17),
(31,10,1,2,1,12),
(31,11,1,2,1,17),
(31,1,1,2,2,15),
(31,2,1,2,2,10),
(31,3,1,2,2,12),
(31,4,1,2,2,11),
(31,5,1,2,2,13),
(31,6,1,2,2,15),
(31,7,1,2,2,10),
(31,8,1,2,2,11),
(31,9,1,2,2,12),
(31,10,1,2,2,12),
(31,11,1,2,2,8),
(31,1,1,2,3,9),
(31,2,1,2,3,11),
(31,3,1,2,3,17),
(31,4,1,2,3,16),
(31,5,1,2,3,8),
(31,6,1,2,3,13),
(31,7,1,2,3,14),
(31,8,1,2,3,9),
(31,9,1,2,3,8),
(31,10,1,2,3,11),
(31,11,1,2,3,13),
(31,1,1,2,4,13),
(31,2,1,2,4,11),
(31,3,1,2,4,12),
(31,4,1,2,4,13),
(31,5,1,2,4,11),
(31,6,1,2,4,12),
(31,7,1,2,4,11),
(31,8,1,2,4,12),
(31,9,1,2,4,17),
(31,10,1,2,4,17),
(31,11,1,2,4,14),
(31,1,1,2,5,8),
(31,2,1,2,5,14),
(31,3,1,2,5,10),
(31,4,1,2,5,16),
(31,5,1,2,5,9),
(31,6,1,2,5,9),
(31,7,1,2,5,15),
(31,8,1,2,5,8),
(31,9,1,2,5,10),
(31,10,1,2,5,13),
(31,11,1,2,5,16),
(31,1,2,2,1,14),
(31,2,2,2,1,12),
(31,3,2,2,1,12),
(31,4,2,2,1,9),
(31,5,2,2,1,11),
(31,6,2,2,1,11),
(31,7,2,2,1,9),
(31,8,2,2,1,13),
(31,9,2,2,1,8),
(31,10,2,2,1,11),
(31,11,2,2,1,14),
(31,1,2,2,2,12),
(31,2,2,2,2,13),
(31,3,2,2,2,9),
(31,4,2,2,2,11),
(31,5,2,2,2,15),
(31,6,2,2,2,17),
(31,7,2,2,2,14),
(31,8,2,2,2,8),
(31,9,2,2,2,17),
(31,10,2,2,2,10),
(31,11,2,2,2,15),
(31,1,2,2,3,17),
(31,2,2,2,3,11),
(31,3,2,2,3,8),
(31,4,2,2,3,12),
(31,5,2,2,3,8),
(31,6,2,2,3,17),
(31,7,2,2,3,9),
(31,8,2,2,3,13),
(31,9,2,2,3,16),
(31,10,2,2,3,15),
(31,11,2,2,3,8),
(31,1,2,2,4,16),
(31,2,2,2,4,10),
(31,3,2,2,4,8),
(31,4,2,2,4,10),
(31,5,2,2,4,8),
(31,6,2,2,4,16),
(31,7,2,2,4,11),
(31,8,2,2,4,12),
(31,9,2,2,4,14),
(31,10,2,2,4,17),
(31,11,2,2,4,9),
(31,1,2,2,5,17),
(31,2,2,2,5,17),
(31,3,2,2,5,14),
(31,4,2,2,5,9),
(31,5,2,2,5,13),
(31,6,2,2,5,13),
(31,7,2,2,5,16),
(31,8,2,2,5,11),
(31,9,2,2,5,8),
(31,10,2,2,5,16),
(31,11,2,2,5,13),
(32,1,1,2,1,13),
(32,2,1,2,1,14),
(32,3,1,2,1,14),
(32,4,1,2,1,13),
(32,5,1,2,1,12),
(32,6,1,2,1,15),
(32,7,1,2,1,14),
(32,8,1,2,1,10),
(32,9,1,2,1,8),
(32,10,1,2,1,13),
(32,11,1,2,1,12),
(32,1,1,2,2,13),
(32,2,1,2,2,10),
(32,3,1,2,2,12),
(32,4,1,2,2,14),
(32,5,1,2,2,16),
(32,6,1,2,2,17),
(32,7,1,2,2,8),
(32,8,1,2,2,13),
(32,9,1,2,2,14),
(32,10,1,2,2,14),
(32,11,1,2,2,10),
(32,1,1,2,3,16),
(32,2,1,2,3,17),
(32,3,1,2,3,16),
(32,4,1,2,3,8),
(32,5,1,2,3,14),
(32,6,1,2,3,12),
(32,7,1,2,3,11),
(32,8,1,2,3,8),
(32,9,1,2,3,16),
(32,10,1,2,3,14),
(32,11,1,2,3,9),
(32,1,1,2,4,13),
(32,2,1,2,4,17),
(32,3,1,2,4,10),
(32,4,1,2,4,11),
(32,5,1,2,4,15),
(32,6,1,2,4,15),
(32,7,1,2,4,9),
(32,8,1,2,4,14),
(32,9,1,2,4,12),
(32,10,1,2,4,13),
(32,11,1,2,4,11),
(32,1,1,2,5,10),
(32,2,1,2,5,15),
(32,3,1,2,5,9),
(32,4,1,2,5,9),
(32,5,1,2,5,17),
(32,6,1,2,5,14),
(32,7,1,2,5,16),
(32,8,1,2,5,11),
(32,9,1,2,5,14),
(32,10,1,2,5,13),
(32,11,1,2,5,8),
(32,1,2,2,1,8),
(32,2,2,2,1,13),
(32,3,2,2,1,16),
(32,4,2,2,1,9),
(32,5,2,2,1,16),
(32,6,2,2,1,14),
(32,7,2,2,1,16),
(32,8,2,2,1,15),
(32,9,2,2,1,17),
(32,10,2,2,1,8),
(32,11,2,2,1,14),
(32,1,2,2,2,10),
(32,2,2,2,2,17),
(32,3,2,2,2,9),
(32,4,2,2,2,13),
(32,5,2,2,2,12),
(32,6,2,2,2,8),
(32,7,2,2,2,11),
(32,8,2,2,2,16),
(32,9,2,2,2,17),
(32,10,2,2,2,16),
(32,11,2,2,2,16),
(32,1,2,2,3,12),
(32,2,2,2,3,13),
(32,3,2,2,3,9),
(32,4,2,2,3,10),
(32,5,2,2,3,16),
(32,6,2,2,3,10),
(32,7,2,2,3,12),
(32,8,2,2,3,12),
(32,9,2,2,3,16),
(32,10,2,2,3,10),
(32,11,2,2,3,10),
(32,1,2,2,4,10),
(32,2,2,2,4,9),
(32,3,2,2,4,10),
(32,4,2,2,4,13),
(32,5,2,2,4,9),
(32,6,2,2,4,11),
(32,7,2,2,4,13),
(32,8,2,2,4,9),
(32,9,2,2,4,9),
(32,10,2,2,4,9),
(32,11,2,2,4,17),
(32,1,2,2,5,11),
(32,2,2,2,5,15),
(32,3,2,2,5,17),
(32,4,2,2,5,9),
(32,5,2,2,5,16),
(32,6,2,2,5,8),
(32,7,2,2,5,15),
(32,8,2,2,5,11),
(32,9,2,2,5,14),
(32,10,2,2,5,16),
(32,11,2,2,5,15),
(33,1,1,2,1,13),
(33,2,1,2,1,9),
(33,3,1,2,1,14),
(33,4,1,2,1,10),
(33,5,1,2,1,9),
(33,6,1,2,1,8),
(33,7,1,2,1,15),
(33,8,1,2,1,9),
(33,9,1,2,1,14),
(33,10,1,2,1,16),
(33,11,1,2,1,16),
(33,1,1,2,2,9),
(33,2,1,2,2,11),
(33,3,1,2,2,17),
(33,4,1,2,2,9),
(33,5,1,2,2,11),
(33,6,1,2,2,15),
(33,7,1,2,2,14),
(33,8,1,2,2,13),
(33,9,1,2,2,11),
(33,10,1,2,2,15),
(33,11,1,2,2,14),
(33,1,1,2,3,12),
(33,2,1,2,3,9),
(33,3,1,2,3,15),
(33,4,1,2,3,12),
(33,5,1,2,3,14),
(33,6,1,2,3,13),
(33,7,1,2,3,13),
(33,8,1,2,3,11),
(33,9,1,2,3,11),
(33,10,1,2,3,10),
(33,11,1,2,3,17),
(33,1,1,2,4,13),
(33,2,1,2,4,10),
(33,3,1,2,4,12),
(33,4,1,2,4,8),
(33,5,1,2,4,10),
(33,6,1,2,4,13),
(33,7,1,2,4,11),
(33,8,1,2,4,11),
(33,9,1,2,4,17),
(33,10,1,2,4,17),
(33,11,1,2,4,9),
(33,1,1,2,5,8),
(33,2,1,2,5,12),
(33,3,1,2,5,14),
(33,4,1,2,5,16),
(33,5,1,2,5,15),
(33,6,1,2,5,13),
(33,7,1,2,5,13),
(33,8,1,2,5,10),
(33,9,1,2,5,11),
(33,10,1,2,5,10),
(33,11,1,2,5,13),
(33,1,2,2,1,11),
(33,2,2,2,1,11),
(33,3,2,2,1,11),
(33,4,2,2,1,13),
(33,5,2,2,1,9),
(33,6,2,2,1,10),
(33,7,2,2,1,8),
(33,8,2,2,1,14),
(33,9,2,2,1,10),
(33,10,2,2,1,11),
(33,11,2,2,1,12),
(33,1,2,2,2,8),
(33,2,2,2,2,8),
(33,3,2,2,2,13),
(33,4,2,2,2,11),
(33,5,2,2,2,10),
(33,6,2,2,2,11),
(33,7,2,2,2,17),
(33,8,2,2,2,11),
(33,9,2,2,2,11),
(33,10,2,2,2,11),
(33,11,2,2,2,16),
(33,1,2,2,3,15),
(33,2,2,2,3,16),
(33,3,2,2,3,9),
(33,4,2,2,3,13),
(33,5,2,2,3,15),
(33,6,2,2,3,16),
(33,7,2,2,3,10),
(33,8,2,2,3,12),
(33,9,2,2,3,9),
(33,10,2,2,3,10),
(33,11,2,2,3,14),
(33,1,2,2,4,12),
(33,2,2,2,4,16),
(33,3,2,2,4,16),
(33,4,2,2,4,16),
(33,5,2,2,4,8),
(33,6,2,2,4,13),
(33,7,2,2,4,14),
(33,8,2,2,4,13),
(33,9,2,2,4,10),
(33,10,2,2,4,10),
(33,11,2,2,4,14),
(33,1,2,2,5,13),
(33,2,2,2,5,17),
(33,3,2,2,5,11),
(33,4,2,2,5,17),
(33,5,2,2,5,15),
(33,6,2,2,5,11),
(33,7,2,2,5,13),
(33,8,2,2,5,14),
(33,9,2,2,5,13),
(33,10,2,2,5,12),
(33,11,2,2,5,8),
(34,1,1,2,1,10),
(34,2,1,2,1,15),
(34,3,1,2,1,17),
(34,4,1,2,1,10),
(34,5,1,2,1,15),
(34,6,1,2,1,11),
(34,7,1,2,1,10),
(34,8,1,2,1,8),
(34,9,1,2,1,15),
(34,10,1,2,1,16),
(34,11,1,2,1,8),
(34,1,1,2,2,8),
(34,2,1,2,2,13),
(34,3,1,2,2,16),
(34,4,1,2,2,10),
(34,5,1,2,2,15),
(34,6,1,2,2,11),
(34,7,1,2,2,13),
(34,8,1,2,2,10),
(34,9,1,2,2,17),
(34,10,1,2,2,8),
(34,11,1,2,2,8),
(34,1,1,2,3,9),
(34,2,1,2,3,16),
(34,3,1,2,3,8),
(34,4,1,2,3,12),
(34,5,1,2,3,8),
(34,6,1,2,3,9),
(34,7,1,2,3,10),
(34,8,1,2,3,10),
(34,9,1,2,3,11),
(34,10,1,2,3,13),
(34,11,1,2,3,12),
(34,1,1,2,4,17),
(34,2,1,2,4,12),
(34,3,1,2,4,12),
(34,4,1,2,4,10),
(34,5,1,2,4,17),
(34,6,1,2,4,13),
(34,7,1,2,4,8),
(34,8,1,2,4,12),
(34,9,1,2,4,8),
(34,10,1,2,4,17),
(34,11,1,2,4,14),
(34,1,1,2,5,10),
(34,2,1,2,5,9),
(34,3,1,2,5,8),
(34,4,1,2,5,16),
(34,5,1,2,5,8),
(34,6,1,2,5,10),
(34,7,1,2,5,15),
(34,8,1,2,5,13),
(34,9,1,2,5,13),
(34,10,1,2,5,8),
(34,11,1,2,5,14),
(34,1,2,2,1,9),
(34,2,2,2,1,12),
(34,3,2,2,1,17),
(34,4,2,2,1,10),
(34,5,2,2,1,8),
(34,6,2,2,1,11),
(34,7,2,2,1,10),
(34,8,2,2,1,17),
(34,9,2,2,1,14),
(34,10,2,2,1,11),
(34,11,2,2,1,8),
(34,1,2,2,2,12),
(34,2,2,2,2,16),
(34,3,2,2,2,16),
(34,4,2,2,2,13),
(34,5,2,2,2,10),
(34,6,2,2,2,11),
(34,7,2,2,2,14),
(34,8,2,2,2,8),
(34,9,2,2,2,11),
(34,10,2,2,2,11),
(34,11,2,2,2,8),
(34,1,2,2,3,15),
(34,2,2,2,3,16),
(34,3,2,2,3,9),
(34,4,2,2,3,15),
(34,5,2,2,3,10),
(34,6,2,2,3,16),
(34,7,2,2,3,11),
(34,8,2,2,3,8),
(34,9,2,2,3,10),
(34,10,2,2,3,15),
(34,11,2,2,3,16),
(34,1,2,2,4,16),
(34,2,2,2,4,16),
(34,3,2,2,4,17),
(34,4,2,2,4,9),
(34,5,2,2,4,8),
(34,6,2,2,4,15),
(34,7,2,2,4,12),
(34,8,2,2,4,14),
(34,9,2,2,4,14),
(34,10,2,2,4,13),
(34,11,2,2,4,9),
(34,1,2,2,5,15),
(34,2,2,2,5,17),
(34,3,2,2,5,10),
(34,4,2,2,5,13),
(34,5,2,2,5,9),
(34,6,2,2,5,17),
(34,7,2,2,5,13),
(34,8,2,2,5,9),
(34,9,2,2,5,8),
(34,10,2,2,5,16),
(34,11,2,2,5,10),
(35,1,1,2,1,8),
(35,2,1,2,1,12),
(35,3,1,2,1,13),
(35,4,1,2,1,14),
(35,5,1,2,1,13),
(35,6,1,2,1,17),
(35,7,1,2,1,12),
(35,8,1,2,1,16),
(35,9,1,2,1,9),
(35,10,1,2,1,15),
(35,11,1,2,1,16),
(35,1,1,2,2,16),
(35,2,1,2,2,13),
(35,3,1,2,2,8),
(35,4,1,2,2,16),
(35,5,1,2,2,11),
(35,6,1,2,2,10),
(35,7,1,2,2,9),
(35,8,1,2,2,8),
(35,9,1,2,2,14),
(35,10,1,2,2,17),
(35,11,1,2,2,9),
(35,1,1,2,3,8),
(35,2,1,2,3,17),
(35,3,1,2,3,8),
(35,4,1,2,3,8),
(35,5,1,2,3,12),
(35,6,1,2,3,12),
(35,7,1,2,3,10),
(35,8,1,2,3,14),
(35,9,1,2,3,10),
(35,10,1,2,3,12),
(35,11,1,2,3,8),
(35,1,1,2,4,14),
(35,2,1,2,4,13),
(35,3,1,2,4,12),
(35,4,1,2,4,17),
(35,5,1,2,4,14),
(35,6,1,2,4,17),
(35,7,1,2,4,12),
(35,8,1,2,4,17),
(35,9,1,2,4,15),
(35,10,1,2,4,8),
(35,11,1,2,4,15),
(35,1,1,2,5,13),
(35,2,1,2,5,8),
(35,3,1,2,5,8),
(35,4,1,2,5,15),
(35,5,1,2,5,10),
(35,6,1,2,5,8),
(35,7,1,2,5,15),
(35,8,1,2,5,17),
(35,9,1,2,5,10),
(35,10,1,2,5,10),
(35,11,1,2,5,9),
(35,1,2,2,1,16),
(35,2,2,2,1,15),
(35,3,2,2,1,17),
(35,4,2,2,1,15),
(35,5,2,2,1,8),
(35,6,2,2,1,8),
(35,7,2,2,1,17),
(35,8,2,2,1,16),
(35,9,2,2,1,16),
(35,10,2,2,1,16),
(35,11,2,2,1,14),
(35,1,2,2,2,11),
(35,2,2,2,2,17),
(35,3,2,2,2,13),
(35,4,2,2,2,9),
(35,5,2,2,2,16),
(35,6,2,2,2,16),
(35,7,2,2,2,8),
(35,8,2,2,2,8),
(35,9,2,2,2,16),
(35,10,2,2,2,11),
(35,11,2,2,2,15),
(35,1,2,2,3,14),
(35,2,2,2,3,15),
(35,3,2,2,3,15),
(35,4,2,2,3,9),
(35,5,2,2,3,16),
(35,6,2,2,3,8),
(35,7,2,2,3,8),
(35,8,2,2,3,10),
(35,9,2,2,3,13),
(35,10,2,2,3,12),
(35,11,2,2,3,14),
(35,1,2,2,4,8),
(35,2,2,2,4,16),
(35,3,2,2,4,13),
(35,4,2,2,4,11),
(35,5,2,2,4,12),
(35,6,2,2,4,17),
(35,7,2,2,4,10),
(35,8,2,2,4,10),
(35,9,2,2,4,10),
(35,10,2,2,4,17),
(35,11,2,2,4,16),
(35,1,2,2,5,12),
(35,2,2,2,5,15),
(35,3,2,2,5,12),
(35,4,2,2,5,11),
(35,5,2,2,5,10),
(35,6,2,2,5,12),
(35,7,2,2,5,8),
(35,8,2,2,5,11),
(35,9,2,2,5,15),
(35,10,2,2,5,11),
(35,11,2,2,5,12),
(36,1,1,2,1,14),
(36,2,1,2,1,16),
(36,3,1,2,1,12),
(36,4,1,2,1,9),
(36,5,1,2,1,16),
(36,6,1,2,1,11),
(36,7,1,2,1,9),
(36,8,1,2,1,9),
(36,9,1,2,1,11),
(36,10,1,2,1,11),
(36,11,1,2,1,13),
(36,1,1,2,2,11),
(36,2,1,2,2,11),
(36,3,1,2,2,15),
(36,4,1,2,2,17),
(36,5,1,2,2,11),
(36,6,1,2,2,15),
(36,7,1,2,2,14),
(36,8,1,2,2,11),
(36,9,1,2,2,10),
(36,10,1,2,2,17),
(36,11,1,2,2,10),
(36,1,1,2,3,9),
(36,2,1,2,3,13),
(36,3,1,2,3,12),
(36,4,1,2,3,15),
(36,5,1,2,3,16),
(36,6,1,2,3,13),
(36,7,1,2,3,16),
(36,8,1,2,3,11),
(36,9,1,2,3,8),
(36,10,1,2,3,14),
(36,11,1,2,3,15),
(36,1,1,2,4,16),
(36,2,1,2,4,12),
(36,3,1,2,4,14),
(36,4,1,2,4,11),
(36,5,1,2,4,12),
(36,6,1,2,4,11),
(36,7,1,2,4,14),
(36,8,1,2,4,10),
(36,9,1,2,4,10),
(36,10,1,2,4,15),
(36,11,1,2,4,12),
(36,1,1,2,5,15),
(36,2,1,2,5,16),
(36,3,1,2,5,8),
(36,4,1,2,5,14),
(36,5,1,2,5,11),
(36,6,1,2,5,16),
(36,7,1,2,5,10),
(36,8,1,2,5,17),
(36,9,1,2,5,11),
(36,10,1,2,5,9),
(36,11,1,2,5,15),
(36,1,2,2,1,8),
(36,2,2,2,1,15),
(36,3,2,2,1,10),
(36,4,2,2,1,10),
(36,5,2,2,1,8),
(36,6,2,2,1,16),
(36,7,2,2,1,13),
(36,8,2,2,1,14),
(36,9,2,2,1,17),
(36,10,2,2,1,10),
(36,11,2,2,1,17),
(36,1,2,2,2,14),
(36,2,2,2,2,15),
(36,3,2,2,2,11),
(36,4,2,2,2,8),
(36,5,2,2,2,17),
(36,6,2,2,2,12),
(36,7,2,2,2,14),
(36,8,2,2,2,9),
(36,9,2,2,2,12),
(36,10,2,2,2,9),
(36,11,2,2,2,9),
(36,1,2,2,3,11),
(36,2,2,2,3,13),
(36,3,2,2,3,14),
(36,4,2,2,3,17),
(36,5,2,2,3,10),
(36,6,2,2,3,16),
(36,7,2,2,3,13),
(36,8,2,2,3,12),
(36,9,2,2,3,17),
(36,10,2,2,3,8),
(36,11,2,2,3,16),
(36,1,2,2,4,15),
(36,2,2,2,4,12),
(36,3,2,2,4,8),
(36,4,2,2,4,16),
(36,5,2,2,4,9),
(36,6,2,2,4,14),
(36,7,2,2,4,16),
(36,8,2,2,4,15),
(36,9,2,2,4,16),
(36,10,2,2,4,15),
(36,11,2,2,4,8),
(36,1,2,2,5,13),
(36,2,2,2,5,8),
(36,3,2,2,5,16),
(36,4,2,2,5,10),
(36,5,2,2,5,9),
(36,6,2,2,5,11),
(36,7,2,2,5,16),
(36,8,2,2,5,14),
(36,9,2,2,5,15),
(36,10,2,2,5,14),
(36,11,2,2,5,15),
(37,1,1,2,1,17),
(37,2,1,2,1,9),
(37,3,1,2,1,12),
(37,4,1,2,1,10),
(37,5,1,2,1,8),
(37,6,1,2,1,13),
(37,7,1,2,1,8),
(37,8,1,2,1,10),
(37,9,1,2,1,17),
(37,10,1,2,1,15),
(37,11,1,2,1,8),
(37,1,1,2,2,9),
(37,2,1,2,2,9),
(37,3,1,2,2,12),
(37,4,1,2,2,16),
(37,5,1,2,2,17),
(37,6,1,2,2,17),
(37,7,1,2,2,11),
(37,8,1,2,2,17),
(37,9,1,2,2,10),
(37,10,1,2,2,11),
(37,11,1,2,2,17),
(37,1,1,2,3,16),
(37,2,1,2,3,15),
(37,3,1,2,3,14),
(37,4,1,2,3,17),
(37,5,1,2,3,17),
(37,6,1,2,3,17),
(37,7,1,2,3,17),
(37,8,1,2,3,14),
(37,9,1,2,3,8),
(37,10,1,2,3,14),
(37,11,1,2,3,10),
(37,1,1,2,4,8),
(37,2,1,2,4,14),
(37,3,1,2,4,16),
(37,4,1,2,4,10),
(37,5,1,2,4,12),
(37,6,1,2,4,17),
(37,7,1,2,4,15),
(37,8,1,2,4,12),
(37,9,1,2,4,13),
(37,10,1,2,4,8),
(37,11,1,2,4,9),
(37,1,1,2,5,12),
(37,2,1,2,5,8),
(37,3,1,2,5,14),
(37,4,1,2,5,9),
(37,5,1,2,5,8),
(37,6,1,2,5,14),
(37,7,1,2,5,13),
(37,8,1,2,5,14),
(37,9,1,2,5,14),
(37,10,1,2,5,17),
(37,11,1,2,5,17),
(37,1,2,2,1,12),
(37,2,2,2,1,11),
(37,3,2,2,1,14),
(37,4,2,2,1,16),
(37,5,2,2,1,11),
(37,6,2,2,1,14),
(37,7,2,2,1,8),
(37,8,2,2,1,13),
(37,9,2,2,1,12),
(37,10,2,2,1,15),
(37,11,2,2,1,14),
(37,1,2,2,2,15),
(37,2,2,2,2,17),
(37,3,2,2,2,11),
(37,4,2,2,2,10),
(37,5,2,2,2,9),
(37,6,2,2,2,13),
(37,7,2,2,2,8),
(37,8,2,2,2,10),
(37,9,2,2,2,16),
(37,10,2,2,2,13),
(37,11,2,2,2,13),
(37,1,2,2,3,8),
(37,2,2,2,3,15),
(37,3,2,2,3,13),
(37,4,2,2,3,9),
(37,5,2,2,3,17),
(37,6,2,2,3,8),
(37,7,2,2,3,15),
(37,8,2,2,3,13),
(37,9,2,2,3,11),
(37,10,2,2,3,10),
(37,11,2,2,3,13),
(37,1,2,2,4,10),
(37,2,2,2,4,16),
(37,3,2,2,4,14),
(37,4,2,2,4,12),
(37,5,2,2,4,12),
(37,6,2,2,4,10),
(37,7,2,2,4,12),
(37,8,2,2,4,17),
(37,9,2,2,4,16),
(37,10,2,2,4,15),
(37,11,2,2,4,9),
(37,1,2,2,5,9),
(37,2,2,2,5,14),
(37,3,2,2,5,10),
(37,4,2,2,5,15),
(37,5,2,2,5,8),
(37,6,2,2,5,9),
(37,7,2,2,5,12),
(37,8,2,2,5,13),
(37,9,2,2,5,15),
(37,10,2,2,5,15),
(37,11,2,2,5,17),
(38,1,1,2,1,13),
(38,2,1,2,1,16),
(38,3,1,2,1,14),
(38,4,1,2,1,8),
(38,5,1,2,1,17),
(38,6,1,2,1,17),
(38,7,1,2,1,13),
(38,8,1,2,1,16),
(38,9,1,2,1,10),
(38,10,1,2,1,11),
(38,11,1,2,1,8),
(38,1,1,2,2,9),
(38,2,1,2,2,10),
(38,3,1,2,2,12),
(38,4,1,2,2,8),
(38,5,1,2,2,9),
(38,6,1,2,2,16),
(38,7,1,2,2,12),
(38,8,1,2,2,12),
(38,9,1,2,2,14),
(38,10,1,2,2,17),
(38,11,1,2,2,15),
(38,1,1,2,3,8),
(38,2,1,2,3,13),
(38,3,1,2,3,16),
(38,4,1,2,3,8),
(38,5,1,2,3,17),
(38,6,1,2,3,14),
(38,7,1,2,3,13),
(38,8,1,2,3,9),
(38,9,1,2,3,9),
(38,10,1,2,3,17),
(38,11,1,2,3,14),
(38,1,1,2,4,15),
(38,2,1,2,4,14),
(38,3,1,2,4,10),
(38,4,1,2,4,15),
(38,5,1,2,4,15),
(38,6,1,2,4,8),
(38,7,1,2,4,16),
(38,8,1,2,4,15),
(38,9,1,2,4,16),
(38,10,1,2,4,11),
(38,11,1,2,4,8),
(38,1,1,2,5,11),
(38,2,1,2,5,11),
(38,3,1,2,5,16),
(38,4,1,2,5,10),
(38,5,1,2,5,12),
(38,6,1,2,5,14),
(38,7,1,2,5,15),
(38,8,1,2,5,13),
(38,9,1,2,5,8),
(38,10,1,2,5,13),
(38,11,1,2,5,13),
(38,1,2,2,1,14),
(38,2,2,2,1,14),
(38,3,2,2,1,13),
(38,4,2,2,1,10),
(38,5,2,2,1,10),
(38,6,2,2,1,8),
(38,7,2,2,1,13),
(38,8,2,2,1,12),
(38,9,2,2,1,10),
(38,10,2,2,1,12),
(38,11,2,2,1,17),
(38,1,2,2,2,17),
(38,2,2,2,2,10),
(38,3,2,2,2,15),
(38,4,2,2,2,12),
(38,5,2,2,2,12),
(38,6,2,2,2,12),
(38,7,2,2,2,14),
(38,8,2,2,2,12),
(38,9,2,2,2,15),
(38,10,2,2,2,14),
(38,11,2,2,2,17),
(38,1,2,2,3,13),
(38,2,2,2,3,10),
(38,3,2,2,3,17),
(38,4,2,2,3,13),
(38,5,2,2,3,16),
(38,6,2,2,3,15),
(38,7,2,2,3,11),
(38,8,2,2,3,9),
(38,9,2,2,3,8),
(38,10,2,2,3,8),
(38,11,2,2,3,9),
(38,1,2,2,4,9),
(38,2,2,2,4,13),
(38,3,2,2,4,15),
(38,4,2,2,4,17),
(38,5,2,2,4,16),
(38,6,2,2,4,8),
(38,7,2,2,4,13),
(38,8,2,2,4,15),
(38,9,2,2,4,14),
(38,10,2,2,4,13),
(38,11,2,2,4,17),
(38,1,2,2,5,16),
(38,2,2,2,5,12),
(38,3,2,2,5,11),
(38,4,2,2,5,9),
(38,5,2,2,5,10),
(38,6,2,2,5,12),
(38,7,2,2,5,12),
(38,8,2,2,5,9),
(38,9,2,2,5,14),
(38,10,2,2,5,9),
(38,11,2,2,5,10),
(39,1,1,2,1,15),
(39,2,1,2,1,10),
(39,3,1,2,1,14),
(39,4,1,2,1,11),
(39,5,1,2,1,14),
(39,6,1,2,1,8),
(39,7,1,2,1,15),
(39,8,1,2,1,14),
(39,9,1,2,1,12),
(39,10,1,2,1,16),
(39,11,1,2,1,12),
(39,1,1,2,2,14),
(39,2,1,2,2,11),
(39,3,1,2,2,8),
(39,4,1,2,2,8),
(39,5,1,2,2,12),
(39,6,1,2,2,17),
(39,7,1,2,2,13),
(39,8,1,2,2,8),
(39,9,1,2,2,10),
(39,10,1,2,2,16),
(39,11,1,2,2,10),
(39,1,1,2,3,11),
(39,2,1,2,3,17),
(39,3,1,2,3,13),
(39,4,1,2,3,15),
(39,5,1,2,3,13),
(39,6,1,2,3,17),
(39,7,1,2,3,11),
(39,8,1,2,3,16),
(39,9,1,2,3,9),
(39,10,1,2,3,10),
(39,11,1,2,3,13),
(39,1,1,2,4,12),
(39,2,1,2,4,11),
(39,3,1,2,4,12),
(39,4,1,2,4,17),
(39,5,1,2,4,9),
(39,6,1,2,4,17),
(39,7,1,2,4,17),
(39,8,1,2,4,8),
(39,9,1,2,4,17),
(39,10,1,2,4,11),
(39,11,1,2,4,8),
(39,1,1,2,5,13),
(39,2,1,2,5,16),
(39,3,1,2,5,10),
(39,4,1,2,5,13),
(39,5,1,2,5,12),
(39,6,1,2,5,9),
(39,7,1,2,5,13),
(39,8,1,2,5,12),
(39,9,1,2,5,12),
(39,10,1,2,5,17),
(39,11,1,2,5,15),
(39,1,2,2,1,8),
(39,2,2,2,1,11),
(39,3,2,2,1,11),
(39,4,2,2,1,15),
(39,5,2,2,1,9),
(39,6,2,2,1,8),
(39,7,2,2,1,17),
(39,8,2,2,1,13),
(39,9,2,2,1,17),
(39,10,2,2,1,17),
(39,11,2,2,1,15),
(39,1,2,2,2,16),
(39,2,2,2,2,14),
(39,3,2,2,2,11),
(39,4,2,2,2,14),
(39,5,2,2,2,14),
(39,6,2,2,2,17),
(39,7,2,2,2,9),
(39,8,2,2,2,15),
(39,9,2,2,2,8),
(39,10,2,2,2,16),
(39,11,2,2,2,15),
(39,1,2,2,3,13),
(39,2,2,2,3,12),
(39,3,2,2,3,12),
(39,4,2,2,3,16),
(39,5,2,2,3,14),
(39,6,2,2,3,16),
(39,7,2,2,3,14),
(39,8,2,2,3,9),
(39,9,2,2,3,14),
(39,10,2,2,3,12),
(39,11,2,2,3,15),
(39,1,2,2,4,12),
(39,2,2,2,4,9),
(39,3,2,2,4,17),
(39,4,2,2,4,11),
(39,5,2,2,4,15),
(39,6,2,2,4,16),
(39,7,2,2,4,10),
(39,8,2,2,4,8),
(39,9,2,2,4,8),
(39,10,2,2,4,12),
(39,11,2,2,4,14),
(39,1,2,2,5,11),
(39,2,2,2,5,15),
(39,3,2,2,5,17),
(39,4,2,2,5,17),
(39,5,2,2,5,11),
(39,6,2,2,5,17),
(39,7,2,2,5,9),
(39,8,2,2,5,8),
(39,9,2,2,5,11),
(39,10,2,2,5,11),
(39,11,2,2,5,14),
(40,1,1,2,1,12),
(40,2,1,2,1,14),
(40,3,1,2,1,12),
(40,4,1,2,1,13),
(40,5,1,2,1,10),
(40,6,1,2,1,9),
(40,7,1,2,1,9),
(40,8,1,2,1,17),
(40,9,1,2,1,15),
(40,10,1,2,1,16),
(40,11,1,2,1,11),
(40,1,1,2,2,17),
(40,2,1,2,2,10),
(40,3,1,2,2,12),
(40,4,1,2,2,8),
(40,5,1,2,2,16),
(40,6,1,2,2,8),
(40,7,1,2,2,10),
(40,8,1,2,2,10),
(40,9,1,2,2,15),
(40,10,1,2,2,12),
(40,11,1,2,2,9),
(40,1,1,2,3,17),
(40,2,1,2,3,9),
(40,3,1,2,3,9),
(40,4,1,2,3,11),
(40,5,1,2,3,10),
(40,6,1,2,3,13),
(40,7,1,2,3,8),
(40,8,1,2,3,16),
(40,9,1,2,3,15),
(40,10,1,2,3,11),
(40,11,1,2,3,14),
(40,1,1,2,4,14),
(40,2,1,2,4,9),
(40,3,1,2,4,15),
(40,4,1,2,4,17),
(40,5,1,2,4,11),
(40,6,1,2,4,16),
(40,7,1,2,4,12),
(40,8,1,2,4,12),
(40,9,1,2,4,10),
(40,10,1,2,4,9),
(40,11,1,2,4,11),
(40,1,1,2,5,11),
(40,2,1,2,5,8),
(40,3,1,2,5,17),
(40,4,1,2,5,10),
(40,5,1,2,5,8),
(40,6,1,2,5,13),
(40,7,1,2,5,17),
(40,8,1,2,5,11),
(40,9,1,2,5,14),
(40,10,1,2,5,13),
(40,11,1,2,5,14),
(40,1,2,2,1,17),
(40,2,2,2,1,9),
(40,3,2,2,1,17),
(40,4,2,2,1,14),
(40,5,2,2,1,14),
(40,6,2,2,1,13),
(40,7,2,2,1,15),
(40,8,2,2,1,12),
(40,9,2,2,1,8),
(40,10,2,2,1,10),
(40,11,2,2,1,11),
(40,1,2,2,2,17),
(40,2,2,2,2,14),
(40,3,2,2,2,12),
(40,4,2,2,2,13),
(40,5,2,2,2,11),
(40,6,2,2,2,13),
(40,7,2,2,2,17),
(40,8,2,2,2,11),
(40,9,2,2,2,11),
(40,10,2,2,2,10),
(40,11,2,2,2,15),
(40,1,2,2,3,10),
(40,2,2,2,3,16),
(40,3,2,2,3,14),
(40,4,2,2,3,15),
(40,5,2,2,3,16),
(40,6,2,2,3,17),
(40,7,2,2,3,13),
(40,8,2,2,3,10),
(40,9,2,2,3,8),
(40,10,2,2,3,12),
(40,11,2,2,3,12),
(40,1,2,2,4,15),
(40,2,2,2,4,13),
(40,3,2,2,4,9),
(40,4,2,2,4,17),
(40,5,2,2,4,15),
(40,6,2,2,4,16),
(40,7,2,2,4,14),
(40,8,2,2,4,17),
(40,9,2,2,4,16),
(40,10,2,2,4,8),
(40,11,2,2,4,16),
(40,1,2,2,5,10),
(40,2,2,2,5,16),
(40,3,2,2,5,13),
(40,4,2,2,5,15),
(40,5,2,2,5,13),
(40,6,2,2,5,16),
(40,7,2,2,5,11),
(40,8,2,2,5,10),
(40,9,2,2,5,14),
(40,10,2,2,5,17),
(40,11,2,2,5,14);

insert into apoderados(apPaternoApoderado,apMaternoApoderado,nombresApoderado,dniApoderado,fechaNacApoderado,direccionApoderado,nomCompleto) values
('Perez','Hernandez','Raquel Abigail','46813713','1980-06-21','Aahh. Villa victor valiente rosas b-1 ','Perez Hernandez Raquel Abigail'),
('Sotomayor','Lezma','Jesus Manuel','46131245','1975-09-29','Urb. Enace j1-2 ii etapa ','Sotomayor Lezma Jesus Manuel'),
('Abarca','Hurtado','Jose Luis','45527110','1979-10-05','Urb. Jardin mz c2 lote 17','Abarca Hurtado Jose Luis'),
('Pineda','Grados','Mario Ivan','25750633','1980-10-02','Miguel grau 70 - san pablo ','Pineda Grados Mario Ivan'),
('Damian','Paucar','David','40213364','1975-03-13','Psj. Cahuide 105 la draga negritos','Damian Paucar David'),
('Flores','Escalante','Edwin','10686981','1976-05-09','Calle ayacucho 107 - la brea negritos','Flores Escalante Edwin'),
('Flores','Romero','Jhunior Ruben','47634279','1977-07-21','Aahh san pedro b-5','Flores Romero Jhunior Ruben'),
('Rodriguez','Santillan','Juan Carlos','40544842','1980-03-30','Av. La playa mz s4 lt 23','Rodriguez Santillan Juan Carlos'),
('Gonzales','Tocas','Miguel Angel','45112214','1980-05-29','Av. 11 de agosto mz t lt 4 - urb. Victor raul haya de la torre','Gonzales Tocas Miguel Angel'),
('Choquemaqui','Justino','Cecilia Maribel','45743224','1976-09-06','Calle mateo pumacahua mz y lt 3 - urb. Santa patricia 3era etapa','Choquemaqui Justino Cecilia Maribel'),
('Arango','Sanchez','Esthefany Mercedes','74421606','1976-07-17','Orbegoso 100 salaverry','Arango Sanchez Esthefany Mercedes'),
('Tello','Ramos','Frinder Romain','32928161','1976-07-10','Mz. A 16 lote 14 iii etapa manuel arevalo ','Tello Ramos Frinder Romain'),
('Quispe','Avendaño','Zinthia','70811055','1978-12-30','Aahh san genaro mz u lote 4 ','Quispe Avendaño Zinthia'),
('Saavedra','Sangama','Fiorella Stephany','70877740','1975-06-25','Mz j lote 9 indomanerica ','Saavedra Sangama Fiorella Stephany'),
('Vera','Chacaltana','Edmundo Vladimir','46797235','1980-02-08','La encantada de villa cocoteros 164 ','Vera Chacaltana Edmundo Vladimir'),
('Salvador','Sanchez','Gladys Florentina','7090520','1975-09-04','Los chasquis mz t1 lote 3 sector 3 ','Salvador Sanchez Gladys Florentina'),
('Rios','Muñoa','Pilar','6240113','1979-07-05','Jr. Sao paulo 2058 san martin de porras','Rios Muñoa Pilar'),
('Salvador','Sanchez','Alberto Julian','7111769','1980-07-03','Aahh bocanegra sector 5 mz g49 l 16 ','Salvador Sanchez Alberto Julian'),
('Perez','Santa','Cruz Ayme','42815723','1975-12-17','Sarita colonia mz f lote 39 callao','Perez Santa Cruz Ayme'),
('Caseres','Perez','Violeta Yanet','41025071','1977-11-16','Sarita colonia mz f lote 41 primer sector callao','Caseres Perez Violeta Yanet');


insert into usuario_apoderado(idApoderado,userApoderado,passApoderado) values
(1,'perez@gmail.com','perez'),
(2,'sotomayor@gmail.com','sotomayor'),
(3,'abarca@gmail.com','abarca'),
(4,'pineda@gmail.com','pineda'),
(5,'damian@gmail.com','damian'),
(6,'flores@gmail.com','flores'),
(7,'flores02@gmail.com','flores02'),
(8,'rodriguez@gmail.com','rodriguez'),
(9,'gonzales@gmail.com','gonzales'),
(10,'choquemaqui@gmail.com','choquemaqui'),
(11,'arango@gmail.com','arango'),
(12,'tello@gmail.com','tello'),
(13,'quispe@gmail.com','quispe'),
(14,'saavedra@gmail.com','saavedra'),
(15,'vera@gmail.com','vera'),
(16,'salvador02@gmail.com','salvador02'),
(17,'rios@gmail.com','rios'),
(18,'salvador@gmail.com','salvador'),
(19,'perez02@gmail.com','perez02'),
(20,'caseres@gmail.com','caseres');

insert into alumnos_apoderados(idAlumno,idApoderado) values
(1,1),
(2,1),
(3,2),
(4,3),
(5,3),
(6,3),
(7,4),
(8,4),
(9,5),
(10,6),
(11,7),
(12,7),
(13,8),
(14,8),
(15,8),
(16,9),
(17,9),
(18,10),
(19,10),
(20,10),
(21,11),
(22,11),
(23,12),
(24,13),
(25,13),
(26,14),
(27,14),
(28,14),
(29,15),
(30,15),
(31,16),
(32,16),
(33,16),
(34,17),
(35,18),
(36,18),
(37,19),
(38,20),
(39,20),
(40,20);

insert into actividades(idEmpleado,idCurso,codGrupoAcademico,NomActividad,DescrActividad,fechaRealizacion,HoraInicio,HoraFin,frecuenciaAviso,Flag_Notificado) values
(2,1,'1A2017','Examen','Examen parcial, nota final para el registro en la libreta.','2017-04-28','08:30:00','10:00:00',1,1),
(2,2,'2B2017','Practica Calificada','Estudiar ultimos temas aprendidos.','2017-04-28','08:30:00','10:00:00',1,1),
(2,3,'2C2017','Examen','Examen parcial, nota final para el registro en la libreta.','2017-04-28','08:30:00','10:00:00',1,1),
(2,4,'4D2017','Examen','Examen parcial, nota final para el registro en la libreta.','2017-04-28','08:30:00','10:00:00',1,1),
(2,5,'2E2017','Practica Calificada','Estudiar ultimos temas aprendidos.','2017-04-28','08:30:00','10:00:00',1,1),
(2,6,'3A2017','Examen','Examen parcial, nota final para el registro en la libreta.','2017-04-28','08:30:00','10:00:00',1,1),
(2,7,'1E2017','Practica Calificada','Estudiar ultimos temas aprendidos.','2017-04-28','08:30:00','10:00:00',1,1),
(2,8,'4C2017','Practica Calificada','Estudiar ultimos temas aprendidos.','2017-04-28','08:30:00','10:00:00',1,1),
(3,2,'4C2017','Practica Calificada','Estudiar ultimos temas aprendidos.','2017-05-02','08:30:00','10:00:00',1,1),
(2,9,'2B2017','Examen','Examen parcial, nota final para el registro en la libreta.','2017-04-28','08:30:00','10:00:00',1,1);
